Date,Close,Stock
2020-01-02,75.087502,AAPL
2020-01-03,74.35749799999999,AAPL
2020-01-06,74.949997,AAPL
2020-01-07,74.597504,AAPL
2020-01-08,75.797501,AAPL
2020-01-09,77.407501,AAPL
2020-01-10,77.582497,AAPL
2020-01-13,79.239998,AAPL
2020-01-14,78.16999799999999,AAPL
2020-01-15,77.834999,AAPL
2020-01-16,78.809998,AAPL
2020-01-17,79.682503,AAPL
2020-01-21,79.14250200000001,AAPL
2020-01-22,79.425003,AAPL
2020-01-23,79.807503,AAPL
2020-01-24,79.577499,AAPL
2020-01-27,77.237503,AAPL
2020-01-28,79.422501,AAPL
2020-01-29,81.084999,AAPL
2020-01-30,80.967499,AAPL
2020-01-31,77.377502,AAPL
2020-02-03,77.165001,AAPL
2020-02-04,79.712502,AAPL
2020-02-05,80.362503,AAPL
2020-02-06,81.302498,AAPL
2020-02-07,80.0075,AAPL
2020-02-10,80.387497,AAPL
2020-02-11,79.902496,AAPL
2020-02-12,81.800003,AAPL
2020-02-13,81.217499,AAPL
2020-02-14,81.237503,AAPL
2020-02-18,79.75,AAPL
2020-02-19,80.904999,AAPL
2020-02-20,80.074997,AAPL
2020-02-21,78.262497,AAPL
2020-02-24,74.54499799999999,AAPL
2020-02-25,72.019997,AAPL
2020-02-26,73.162498,AAPL
2020-02-27,68.379997,AAPL
2020-02-28,68.339996,AAPL
2020-03-02,74.702499,AAPL
2020-03-03,72.33000200000001,AAPL
2020-03-04,75.684998,AAPL
2020-03-05,73.230003,AAPL
2020-03-06,72.2575,AAPL
2020-03-09,66.542503,AAPL
2020-03-10,71.334999,AAPL
2020-03-11,68.85749799999999,AAPL
2020-03-12,62.057499,AAPL
2020-03-13,69.4925,AAPL
2020-03-16,60.552502,AAPL
2020-03-17,63.215,AAPL
2020-03-18,61.6675,AAPL
2020-03-19,61.195,AAPL
2020-03-20,57.310001,AAPL
2020-03-23,56.092499,AAPL
2020-03-24,61.720001,AAPL
2020-03-25,61.380001,AAPL
2020-03-26,64.610001,AAPL
2020-03-27,61.935001,AAPL
2020-03-30,63.702499,AAPL
2020-03-31,63.572498,AAPL
2020-04-01,60.227501,AAPL
2020-04-02,61.232498,AAPL
2020-04-03,60.352501,AAPL
2020-04-06,65.6175,AAPL
2020-04-07,64.85749799999999,AAPL
2020-04-08,66.51750200000001,AAPL
2020-04-09,66.997498,AAPL
2020-04-13,68.3125,AAPL
2020-04-14,71.762497,AAPL
2020-04-15,71.10749799999999,AAPL
2020-04-16,71.672501,AAPL
2020-04-17,70.699997,AAPL
2020-04-20,69.23249799999999,AAPL
2020-04-21,67.092499,AAPL
2020-04-22,69.025002,AAPL
2020-04-23,68.7575,AAPL
2020-04-24,70.7425,AAPL
2020-04-27,70.792503,AAPL
2020-04-28,69.644997,AAPL
2020-04-29,71.932503,AAPL
2020-04-30,73.449997,AAPL
2020-05-01,72.26750200000001,AAPL
2020-05-04,73.290001,AAPL
2020-05-05,74.389999,AAPL
2020-05-06,75.157501,AAPL
2020-05-07,75.934998,AAPL
2020-05-08,77.532501,AAPL
2020-05-11,78.752502,AAPL
2020-05-12,77.852501,AAPL
2020-05-13,76.912498,AAPL
2020-05-14,77.385002,AAPL
2020-05-15,76.927498,AAPL
2020-05-18,78.739998,AAPL
2020-05-19,78.285004,AAPL
2020-05-20,79.807503,AAPL
2020-05-21,79.212502,AAPL
2020-05-22,79.722504,AAPL
2020-05-26,79.182503,AAPL
2020-05-27,79.527496,AAPL
2020-05-28,79.5625,AAPL
2020-05-29,79.485001,AAPL
2020-06-01,80.462502,AAPL
2020-06-02,80.834999,AAPL
2020-06-03,81.279999,AAPL
2020-06-04,80.58000200000001,AAPL
2020-06-05,82.875,AAPL
2020-06-08,83.364998,AAPL
2020-06-09,85.997498,AAPL
2020-06-10,88.209999,AAPL
2020-06-11,83.974998,AAPL
2020-06-12,84.699997,AAPL
2020-06-15,85.747498,AAPL
2020-06-16,88.019997,AAPL
2020-06-17,87.897499,AAPL
2020-06-18,87.932503,AAPL
2020-06-19,87.43,AAPL
2020-06-22,89.717499,AAPL
2020-06-23,91.6325,AAPL
2020-06-24,90.014999,AAPL
2020-06-25,91.209999,AAPL
2020-06-26,88.407501,AAPL
2020-06-29,90.445,AAPL
2020-06-30,91.199997,AAPL
2020-07-01,91.027496,AAPL
2020-07-02,91.027496,AAPL
2020-07-06,93.462502,AAPL
2020-07-07,93.172501,AAPL
2020-07-08,95.342499,AAPL
2020-07-09,95.752502,AAPL
2020-07-10,95.919998,AAPL
2020-07-13,95.477501,AAPL
2020-07-14,97.057503,AAPL
2020-07-15,97.724998,AAPL
2020-07-16,96.522499,AAPL
2020-07-17,96.327499,AAPL
2020-07-20,98.357498,AAPL
2020-07-21,97.0,AAPL
2020-07-22,97.272499,AAPL
2020-07-23,92.845001,AAPL
2020-07-24,92.614998,AAPL
2020-07-27,94.809998,AAPL
2020-07-28,93.252502,AAPL
2020-07-29,95.040001,AAPL
2020-07-30,96.190002,AAPL
2020-07-31,106.260002,AAPL
2020-08-03,108.9375,AAPL
2020-08-04,109.665001,AAPL
2020-08-05,110.0625,AAPL
2020-08-06,113.902496,AAPL
2020-08-07,111.112503,AAPL
2020-08-10,112.727501,AAPL
2020-08-11,109.375,AAPL
2020-08-12,113.010002,AAPL
2020-08-13,115.010002,AAPL
2020-08-14,114.907501,AAPL
2020-08-17,114.607498,AAPL
2020-08-18,115.5625,AAPL
2020-08-19,115.707497,AAPL
2020-08-20,118.275002,AAPL
2020-08-21,124.370003,AAPL
2020-08-24,125.857498,AAPL
2020-08-25,124.824997,AAPL
2020-08-26,126.522499,AAPL
2020-08-27,125.010002,AAPL
2020-08-28,124.807503,AAPL
2020-08-31,129.03999299999998,AAPL
2020-09-01,134.179993,AAPL
2020-09-02,131.399994,AAPL
2020-09-03,120.879997,AAPL
2020-09-04,120.959999,AAPL
2020-09-08,112.82,AAPL
2020-09-09,117.32,AAPL
2020-09-10,113.489998,AAPL
2020-09-11,112.0,AAPL
2020-09-14,115.360001,AAPL
2020-09-15,115.540001,AAPL
2020-09-16,112.129997,AAPL
2020-09-17,110.339996,AAPL
2020-09-18,106.839996,AAPL
2020-09-21,110.080002,AAPL
2020-09-22,111.809998,AAPL
2020-09-23,107.120003,AAPL
2020-09-24,108.220001,AAPL
2020-09-25,112.279999,AAPL
2020-09-28,114.959999,AAPL
2020-09-29,114.089996,AAPL
2020-09-30,115.809998,AAPL
2020-10-01,116.790001,AAPL
2020-10-02,113.019997,AAPL
2020-10-05,116.5,AAPL
2020-10-06,113.160004,AAPL
2020-10-07,115.080002,AAPL
2020-10-08,114.970001,AAPL
2020-10-09,116.970001,AAPL
2020-10-12,124.400002,AAPL
2020-10-13,121.099998,AAPL
2020-10-14,121.190002,AAPL
2020-10-15,120.709999,AAPL
2020-10-16,119.019997,AAPL
2020-10-19,115.980003,AAPL
2020-10-20,117.510002,AAPL
2020-10-21,116.870003,AAPL
2020-10-22,115.75,AAPL
2020-10-23,115.040001,AAPL
2020-10-26,115.050003,AAPL
2020-10-27,116.599998,AAPL
2020-10-28,111.199997,AAPL
2020-10-29,115.32,AAPL
2020-10-30,108.860001,AAPL
2020-11-02,108.769997,AAPL
2020-11-03,110.440002,AAPL
2020-11-04,114.949997,AAPL
2020-11-05,119.029999,AAPL
2020-11-06,118.690002,AAPL
2020-11-09,116.32,AAPL
2020-11-10,115.970001,AAPL
2020-11-11,119.489998,AAPL
2020-11-12,119.209999,AAPL
2020-11-13,119.260002,AAPL
2020-11-16,120.300003,AAPL
2020-11-17,119.389999,AAPL
2020-11-18,118.029999,AAPL
2020-11-19,118.639999,AAPL
2020-11-20,117.339996,AAPL
2020-11-23,113.849998,AAPL
2020-11-24,115.169998,AAPL
2020-11-25,116.029999,AAPL
2020-11-27,116.589996,AAPL
2020-11-30,119.050003,AAPL
2020-12-01,122.720001,AAPL
2020-12-02,123.080002,AAPL
2020-12-03,122.940002,AAPL
2020-12-04,122.25,AAPL
2020-12-07,123.75,AAPL
2020-12-08,124.379997,AAPL
2020-12-09,121.779999,AAPL
2020-12-10,123.239998,AAPL
2020-12-11,122.410004,AAPL
2020-12-14,121.779999,AAPL
2020-12-15,127.879997,AAPL
2020-12-16,127.809998,AAPL
2020-12-17,128.699997,AAPL
2020-12-18,126.660004,AAPL
2020-12-21,128.229996,AAPL
2020-12-22,131.880005,AAPL
2020-12-23,130.96000700000002,AAPL
2020-12-24,131.970001,AAPL
2020-12-28,136.690002,AAPL
2020-12-29,134.869995,AAPL
2020-12-30,133.720001,AAPL
2020-01-02,1898.01001,AMZN
2020-01-03,1874.969971,AMZN
2020-01-06,1902.880005,AMZN
2020-01-07,1906.859985,AMZN
2020-01-08,1891.969971,AMZN
2020-01-09,1901.050049,AMZN
2020-01-10,1883.160034,AMZN
2020-01-13,1891.300049,AMZN
2020-01-14,1869.439941,AMZN
2020-01-15,1862.02002,AMZN
2020-01-16,1877.939941,AMZN
2020-01-17,1864.719971,AMZN
2020-01-21,1892.0,AMZN
2020-01-22,1887.459961,AMZN
2020-01-23,1884.579956,AMZN
2020-01-24,1861.640015,AMZN
2020-01-27,1828.339966,AMZN
2020-01-28,1853.25,AMZN
2020-01-29,1858.0,AMZN
2020-01-30,1870.680054,AMZN
2020-01-31,2008.719971,AMZN
2020-02-03,2004.199951,AMZN
2020-02-04,2049.669922,AMZN
2020-02-05,2039.869995,AMZN
2020-02-06,2050.22998,AMZN
2020-02-07,2079.280029,AMZN
2020-02-10,2133.909912,AMZN
2020-02-11,2150.800049,AMZN
2020-02-12,2160.0,AMZN
2020-02-13,2149.8701170000004,AMZN
2020-02-14,2134.8701170000004,AMZN
2020-02-18,2155.669922,AMZN
2020-02-19,2170.219971,AMZN
2020-02-20,2153.100098,AMZN
2020-02-21,2095.969971,AMZN
2020-02-24,2009.290039,AMZN
2020-02-25,1972.73999,AMZN
2020-02-26,1979.589966,AMZN
2020-02-27,1884.300049,AMZN
2020-02-28,1883.75,AMZN
2020-03-02,1953.949951,AMZN
2020-03-03,1908.98999,AMZN
2020-03-04,1975.829956,AMZN
2020-03-05,1924.030029,AMZN
2020-03-06,1901.089966,AMZN
2020-03-09,1800.609985,AMZN
2020-03-10,1891.819946,AMZN
2020-03-11,1820.859985,AMZN
2020-03-12,1676.609985,AMZN
2020-03-13,1785.0,AMZN
2020-03-16,1689.1500239999998,AMZN
2020-03-17,1807.839966,AMZN
2020-03-18,1830.0,AMZN
2020-03-19,1880.930054,AMZN
2020-03-20,1846.089966,AMZN
2020-03-23,1902.829956,AMZN
2020-03-24,1940.099976,AMZN
2020-03-25,1885.839966,AMZN
2020-03-26,1955.48999,AMZN
2020-03-27,1900.099976,AMZN
2020-03-30,1963.949951,AMZN
2020-03-31,1949.719971,AMZN
2020-04-01,1907.699951,AMZN
2020-04-02,1918.829956,AMZN
2020-04-03,1906.589966,AMZN
2020-04-06,1997.589966,AMZN
2020-04-07,2011.599976,AMZN
2020-04-08,2043.0,AMZN
2020-04-09,2042.76001,AMZN
2020-04-13,2168.8701170000004,AMZN
2020-04-14,2283.320068,AMZN
2020-04-15,2307.679932,AMZN
2020-04-16,2408.189941,AMZN
2020-04-17,2375.0,AMZN
2020-04-20,2393.610107,AMZN
2020-04-21,2328.1201170000004,AMZN
2020-04-22,2363.48999,AMZN
2020-04-23,2399.449951,AMZN
2020-04-24,2410.219971,AMZN
2020-04-27,2376.0,AMZN
2020-04-28,2314.080078,AMZN
2020-04-29,2372.709961,AMZN
2020-04-30,2474.0,AMZN
2020-05-01,2286.040039,AMZN
2020-05-04,2315.98999,AMZN
2020-05-05,2317.800049,AMZN
2020-05-06,2351.26001,AMZN
2020-05-07,2367.610107,AMZN
2020-05-08,2379.610107,AMZN
2020-05-11,2409.0,AMZN
2020-05-12,2356.949951,AMZN
2020-05-13,2367.919922,AMZN
2020-05-14,2388.850098,AMZN
2020-05-15,2409.780029,AMZN
2020-05-18,2426.26001,AMZN
2020-05-19,2449.330078,AMZN
2020-05-20,2497.939941,AMZN
2020-05-21,2446.73999,AMZN
2020-05-22,2436.879883,AMZN
2020-05-26,2421.860107,AMZN
2020-05-27,2410.389893,AMZN
2020-05-28,2401.100098,AMZN
2020-05-29,2442.3701170000004,AMZN
2020-06-01,2471.040039,AMZN
2020-06-02,2472.409912,AMZN
2020-06-03,2478.399902,AMZN
2020-06-04,2460.600098,AMZN
2020-06-05,2483.0,AMZN
2020-06-08,2524.060059,AMZN
2020-06-09,2600.860107,AMZN
2020-06-10,2647.449951,AMZN
2020-06-11,2557.959961,AMZN
2020-06-12,2545.02002,AMZN
2020-06-15,2572.679932,AMZN
2020-06-16,2615.27002,AMZN
2020-06-17,2640.97998,AMZN
2020-06-18,2653.97998,AMZN
2020-06-19,2675.01001,AMZN
2020-06-22,2713.820068,AMZN
2020-06-23,2764.409912,AMZN
2020-06-24,2734.399902,AMZN
2020-06-25,2754.580078,AMZN
2020-06-26,2692.8701170000004,AMZN
2020-06-29,2680.379883,AMZN
2020-06-30,2758.820068,AMZN
2020-07-01,2878.699951,AMZN
2020-07-02,2890.300049,AMZN
2020-07-06,3057.040039,AMZN
2020-07-07,3000.1201170000004,AMZN
2020-07-08,3081.110107,AMZN
2020-07-09,3182.629883,AMZN
2020-07-10,3200.0,AMZN
2020-07-13,3104.0,AMZN
2020-07-14,3084.0,AMZN
2020-07-15,3008.8701170000004,AMZN
2020-07-16,2999.899902,AMZN
2020-07-17,2961.969971,AMZN
2020-07-20,3196.840088,AMZN
2020-07-21,3138.290039,AMZN
2020-07-22,3099.909912,AMZN
2020-07-23,2986.550049,AMZN
2020-07-24,3008.909912,AMZN
2020-07-27,3055.209961,AMZN
2020-07-28,3000.330078,AMZN
2020-07-29,3033.530029,AMZN
2020-07-30,3051.879883,AMZN
2020-07-31,3164.679932,AMZN
2020-08-03,3111.889893,AMZN
2020-08-04,3138.830078,AMZN
2020-08-05,3205.030029,AMZN
2020-08-06,3225.0,AMZN
2020-08-07,3167.459961,AMZN
2020-08-10,3148.159912,AMZN
2020-08-11,3080.669922,AMZN
2020-08-12,3162.23999,AMZN
2020-08-13,3161.02002,AMZN
2020-08-14,3148.02002,AMZN
2020-08-17,3182.409912,AMZN
2020-08-18,3312.48999,AMZN
2020-08-19,3260.47998,AMZN
2020-08-20,3297.3701170000004,AMZN
2020-08-21,3284.719971,AMZN
2020-08-24,3307.459961,AMZN
2020-08-25,3346.48999,AMZN
2020-08-26,3441.850098,AMZN
2020-08-27,3400.0,AMZN
2020-08-28,3401.8000490000004,AMZN
2020-08-31,3450.959961,AMZN
2020-09-01,3499.1201170000004,AMZN
2020-09-02,3531.449951,AMZN
2020-09-03,3368.0,AMZN
2020-09-04,3294.6201170000004,AMZN
2020-09-08,3149.840088,AMZN
2020-09-09,3268.610107,AMZN
2020-09-10,3175.110107,AMZN
2020-09-11,3116.219971,AMZN
2020-09-14,3102.969971,AMZN
2020-09-15,3156.129883,AMZN
2020-09-16,3078.100098,AMZN
2020-09-17,3008.72998,AMZN
2020-09-18,2954.909912,AMZN
2020-09-21,2960.469971,AMZN
2020-09-22,3128.98999,AMZN
2020-09-23,2999.860107,AMZN
2020-09-24,3019.790039,AMZN
2020-09-25,3095.129883,AMZN
2020-09-28,3174.050049,AMZN
2020-09-29,3144.879883,AMZN
2020-09-30,3148.72998,AMZN
2020-10-01,3221.26001,AMZN
2020-10-02,3125.0,AMZN
2020-10-05,3199.199951,AMZN
2020-10-06,3099.959961,AMZN
2020-10-07,3195.689941,AMZN
2020-10-08,3190.550049,AMZN
2020-10-09,3286.649902,AMZN
2020-10-12,3442.929932,AMZN
2020-10-13,3443.629883,AMZN
2020-10-14,3363.709961,AMZN
2020-10-15,3338.649902,AMZN
2020-10-16,3272.709961,AMZN
2020-10-19,3207.209961,AMZN
2020-10-20,3217.01001,AMZN
2020-10-21,3184.939941,AMZN
2020-10-22,3176.399902,AMZN
2020-10-23,3204.399902,AMZN
2020-10-26,3207.040039,AMZN
2020-10-27,3286.330078,AMZN
2020-10-28,3162.780029,AMZN
2020-10-29,3211.01001,AMZN
2020-10-30,3036.149902,AMZN
2020-11-02,3004.47998,AMZN
2020-11-03,3048.409912,AMZN
2020-11-04,3241.159912,AMZN
2020-11-05,3322.0,AMZN
2020-11-06,3311.3701170000004,AMZN
2020-11-09,3143.73999,AMZN
2020-11-10,3035.02002,AMZN
2020-11-11,3137.389893,AMZN
2020-11-12,3110.280029,AMZN
2020-11-13,3128.810059,AMZN
2020-11-16,3131.060059,AMZN
2020-11-17,3135.659912,AMZN
2020-11-18,3105.459961,AMZN
2020-11-19,3117.02002,AMZN
2020-11-20,3099.399902,AMZN
2020-11-23,3098.389893,AMZN
2020-11-24,3118.060059,AMZN
2020-11-25,3185.070068,AMZN
2020-11-27,3195.340088,AMZN
2020-11-30,3168.040039,AMZN
2020-12-01,3220.080078,AMZN
2020-12-02,3203.530029,AMZN
2020-12-03,3186.72998,AMZN
2020-12-04,3162.580078,AMZN
2020-12-07,3158.0,AMZN
2020-12-08,3177.290039,AMZN
2020-12-09,3104.199951,AMZN
2020-12-10,3101.48999,AMZN
2020-12-11,3116.419922,AMZN
2020-12-14,3156.969971,AMZN
2020-12-15,3165.1201170000004,AMZN
2020-12-16,3240.959961,AMZN
2020-12-17,3236.080078,AMZN
2020-12-18,3201.649902,AMZN
2020-12-21,3206.179932,AMZN
2020-12-22,3206.52002,AMZN
2020-12-23,3185.27002,AMZN
2020-12-24,3172.689941,AMZN
2020-12-28,3283.959961,AMZN
2020-12-29,3322.0,AMZN
2020-12-30,3285.850098,AMZN
2020-01-02,219.770004,BABA
2020-01-03,217.0,BABA
2020-01-06,216.639999,BABA
2020-01-07,217.630005,BABA
2020-01-08,218.0,BABA
2020-01-09,221.77999900000003,BABA
2020-01-10,223.830002,BABA
2020-01-13,230.479996,BABA
2020-01-14,226.490005,BABA
2020-01-15,225.059998,BABA
2020-01-16,223.940002,BABA
2020-01-17,227.429993,BABA
2020-01-21,222.25999500000003,BABA
2020-01-22,222.369995,BABA
2020-01-23,219.130005,BABA
2020-01-24,213.75,BABA
2020-01-27,205.470001,BABA
2020-01-28,210.229996,BABA
2020-01-29,212.020004,BABA
2020-01-30,208.580002,BABA
2020-01-31,206.589996,BABA
2020-02-03,213.100006,BABA
2020-02-04,222.880005,BABA
2020-02-05,220.220001,BABA
2020-02-06,220.899994,BABA
2020-02-07,216.52999900000003,BABA
2020-02-10,215.770004,BABA
2020-02-11,217.210007,BABA
2020-02-12,224.309998,BABA
2020-02-13,220.360001,BABA
2020-02-14,219.630005,BABA
2020-02-18,220.520004,BABA
2020-02-19,222.139999,BABA
2020-02-20,218.039993,BABA
2020-02-21,212.589996,BABA
2020-02-24,206.160004,BABA
2020-02-25,205.610001,BABA
2020-02-26,208.740005,BABA
2020-02-27,205.029999,BABA
2020-02-28,208.0,BABA
2020-03-02,210.979996,BABA
2020-03-03,207.410004,BABA
2020-03-04,211.960007,BABA
2020-03-05,211.460007,BABA
2020-03-06,204.639999,BABA
2020-03-09,197.660004,BABA
2020-03-10,206.389999,BABA
2020-03-11,198.910004,BABA
2020-03-12,185.100006,BABA
2020-03-13,194.0,BABA
2020-03-16,178.850006,BABA
2020-03-17,184.809998,BABA
2020-03-18,180.0,BABA
2020-03-19,180.880005,BABA
2020-03-20,181.300003,BABA
2020-03-23,176.339996,BABA
2020-03-24,185.75,BABA
2020-03-25,188.559998,BABA
2020-03-26,195.320007,BABA
2020-03-27,188.589996,BABA
2020-03-30,191.270004,BABA
2020-03-31,194.479996,BABA
2020-04-01,187.559998,BABA
2020-04-02,188.899994,BABA
2020-04-03,187.110001,BABA
2020-04-06,196.449997,BABA
2020-04-07,198.0,BABA
2020-04-08,195.979996,BABA
2020-04-09,196.369995,BABA
2020-04-13,199.440002,BABA
2020-04-14,204.779999,BABA
2020-04-15,208.169998,BABA
2020-04-16,212.660004,BABA
2020-04-17,209.5,BABA
2020-04-20,212.130005,BABA
2020-04-21,207.339996,BABA
2020-04-22,209.960007,BABA
2020-04-23,205.240005,BABA
2020-04-24,204.360001,BABA
2020-04-27,203.690002,BABA
2020-04-28,201.149994,BABA
2020-04-29,206.699997,BABA
2020-04-30,202.669998,BABA
2020-05-01,194.479996,BABA
2020-05-04,191.149994,BABA
2020-05-05,195.020004,BABA
2020-05-06,195.169998,BABA
2020-05-07,196.490005,BABA
2020-05-08,201.190002,BABA
2020-05-11,205.399994,BABA
2020-05-12,200.309998,BABA
2020-05-13,199.460007,BABA
2020-05-14,201.300003,BABA
2020-05-15,203.679993,BABA
2020-05-18,215.27999900000003,BABA
2020-05-19,217.199997,BABA
2020-05-20,216.789993,BABA
2020-05-21,212.160004,BABA
2020-05-22,199.699997,BABA
2020-05-26,201.720001,BABA
2020-05-27,201.179993,BABA
2020-05-28,199.490005,BABA
2020-05-29,207.389999,BABA
2020-06-01,206.570007,BABA
2020-06-02,214.330002,BABA
2020-06-03,218.610001,BABA
2020-06-04,218.039993,BABA
2020-06-05,219.550003,BABA
2020-06-08,219.0,BABA
2020-06-09,220.720001,BABA
2020-06-10,223.679993,BABA
2020-06-11,215.240005,BABA
2020-06-12,217.639999,BABA
2020-06-15,217.02999900000003,BABA
2020-06-16,222.619995,BABA
2020-06-17,224.25,BABA
2020-06-18,223.539993,BABA
2020-06-19,220.639999,BABA
2020-06-22,221.410004,BABA
2020-06-23,228.75,BABA
2020-06-24,226.220001,BABA
2020-06-25,222.160004,BABA
2020-06-26,215.710007,BABA
2020-06-29,215.020004,BABA
2020-06-30,215.699997,BABA
2020-07-01,215.949997,BABA
2020-07-02,223.600006,BABA
2020-07-06,240.0,BABA
2020-07-07,236.50999500000003,BABA
2020-07-08,257.679993,BABA
2020-07-09,261.579987,BABA
2020-07-10,261.01001,BABA
2020-07-13,251.669998,BABA
2020-07-14,248.580002,BABA
2020-07-15,249.210007,BABA
2020-07-16,242.5,BABA
2020-07-17,247.139999,BABA
2020-07-20,254.809998,BABA
2020-07-21,257.899994,BABA
2020-07-22,251.699997,BABA
2020-07-23,251.880005,BABA
2020-07-24,249.0,BABA
2020-07-27,250.860001,BABA
2020-07-28,249.050003,BABA
2020-07-29,252.449997,BABA
2020-07-30,252.740005,BABA
2020-07-31,251.020004,BABA
2020-08-03,257.940002,BABA
2020-08-04,262.200012,BABA
2020-08-05,264.910004,BABA
2020-08-06,265.679993,BABA
2020-08-07,252.100006,BABA
2020-08-10,248.130005,BABA
2020-08-11,248.419998,BABA
2020-08-12,255.190002,BABA
2020-08-13,253.720001,BABA
2020-08-14,253.970001,BABA
2020-08-17,256.959991,BABA
2020-08-18,259.200012,BABA
2020-08-19,260.589996,BABA
2020-08-20,257.970001,BABA
2020-08-21,265.799988,BABA
2020-08-24,276.019989,BABA
2020-08-25,286.0,BABA
2020-08-26,291.959991,BABA
2020-08-27,284.170013,BABA
2020-08-28,289.0,BABA
2020-08-31,287.02999900000003,BABA
2020-09-01,298.0,BABA
2020-09-02,296.070007,BABA
2020-09-03,282.5,BABA
2020-09-04,281.390015,BABA
2020-09-08,270.019989,BABA
2020-09-09,273.149994,BABA
2020-09-10,267.549988,BABA
2020-09-11,271.609985,BABA
2020-09-14,274.100006,BABA
2020-09-15,277.959991,BABA
2020-09-16,278.140015,BABA
2020-09-17,275.720001,BABA
2020-09-18,272.410004,BABA
2020-09-21,273.820007,BABA
2020-09-22,275.290009,BABA
2020-09-23,272.950012,BABA
2020-09-24,269.730011,BABA
2020-09-25,271.089996,BABA
2020-09-28,276.01001,BABA
2020-09-29,276.929993,BABA
2020-09-30,293.980011,BABA
2020-10-01,290.049988,BABA
2020-10-02,288.170013,BABA
2020-10-05,288.269989,BABA
2020-10-06,292.390015,BABA
2020-10-07,296.5,BABA
2020-10-08,300.540009,BABA
2020-10-09,299.73999,BABA
2020-10-12,306.339996,BABA
2020-10-13,308.77999900000003,BABA
2020-10-14,301.040009,BABA
2020-10-15,299.459991,BABA
2020-10-16,307.309998,BABA
2020-10-19,305.290009,BABA
2020-10-20,309.809998,BABA
2020-10-21,307.970001,BABA
2020-10-22,306.27999900000003,BABA
2020-10-23,309.920013,BABA
2020-10-26,306.869995,BABA
2020-10-27,317.140015,BABA
2020-10-28,307.940002,BABA
2020-10-29,312.559998,BABA
2020-10-30,304.690002,BABA
2020-11-02,310.839996,BABA
2020-11-03,285.570007,BABA
2020-11-04,295.709991,BABA
2020-11-05,287.75,BABA
2020-11-06,299.950012,BABA
2020-11-09,290.52999900000003,BABA
2020-11-10,266.540009,BABA
2020-11-11,265.649994,BABA
2020-11-12,264.309998,BABA
2020-11-13,260.839996,BABA
2020-11-16,258.309998,BABA
2020-11-17,256.799988,BABA
2020-11-18,255.830002,BABA
2020-11-19,259.890015,BABA
2020-11-20,270.73999,BABA
2020-11-23,270.109985,BABA
2020-11-24,279.959991,BABA
2020-11-25,277.720001,BABA
2020-11-27,276.480011,BABA
2020-11-30,263.359985,BABA
2020-12-01,264.01001,BABA
2020-12-02,261.320007,BABA
2020-12-03,266.910004,BABA
2020-12-04,267.25,BABA
2020-12-07,264.0,BABA
2020-12-08,266.089996,BABA
2020-12-09,263.799988,BABA
2020-12-10,264.869995,BABA
2020-12-11,264.540009,BABA
2020-12-14,256.02999900000003,BABA
2020-12-15,255.110001,BABA
2020-12-16,261.890015,BABA
2020-12-17,264.429993,BABA
2020-12-18,260.0,BABA
2020-12-21,260.429993,BABA
2020-12-22,255.830002,BABA
2020-12-23,256.179993,BABA
2020-12-24,222.0,BABA
2020-12-28,222.360001,BABA
2020-12-29,236.25999500000003,BABA
2020-12-30,238.389999,BABA
2020-01-02,209.77999900000003,FB
2020-01-03,208.669998,FB
2020-01-06,212.600006,FB
2020-01-07,213.059998,FB
2020-01-08,215.220001,FB
2020-01-09,218.300003,FB
2020-01-10,218.059998,FB
2020-01-13,221.910004,FB
2020-01-14,219.059998,FB
2020-01-15,221.149994,FB
2020-01-16,221.770004,FB
2020-01-17,222.139999,FB
2020-01-21,221.440002,FB
2020-01-22,221.320007,FB
2020-01-23,219.75999500000003,FB
2020-01-24,217.940002,FB
2020-01-27,214.869995,FB
2020-01-28,217.789993,FB
2020-01-29,223.229996,FB
2020-01-30,209.529999,FB
2020-01-31,201.910004,FB
2020-02-03,204.190002,FB
2020-02-04,209.830002,FB
2020-02-05,210.110001,FB
2020-02-06,210.850006,FB
2020-02-07,212.330002,FB
2020-02-10,213.059998,FB
2020-02-11,207.190002,FB
2020-02-12,210.75999500000003,FB
2020-02-13,213.139999,FB
2020-02-14,214.179993,FB
2020-02-18,217.800003,FB
2020-02-19,217.490005,FB
2020-02-20,214.580002,FB
2020-02-21,210.179993,FB
2020-02-24,200.720001,FB
2020-02-25,196.770004,FB
2020-02-26,197.199997,FB
2020-02-27,189.75,FB
2020-02-28,192.470001,FB
2020-03-02,196.440002,FB
2020-03-03,185.889999,FB
2020-03-04,191.759995,FB
2020-03-05,185.169998,FB
2020-03-06,181.089996,FB
2020-03-09,169.5,FB
2020-03-10,178.190002,FB
2020-03-11,170.240005,FB
2020-03-12,154.470001,FB
2020-03-13,170.279999,FB
2020-03-16,146.009995,FB
2020-03-17,149.419998,FB
2020-03-18,146.96000700000002,FB
2020-03-19,153.130005,FB
2020-03-20,149.729996,FB
2020-03-23,148.100006,FB
2020-03-24,160.979996,FB
2020-03-25,156.21000700000002,FB
2020-03-26,163.339996,FB
2020-03-27,156.78999299999998,FB
2020-03-30,165.949997,FB
2020-03-31,166.800003,FB
2020-04-01,159.600006,FB
2020-04-02,158.190002,FB
2020-04-03,154.179993,FB
2020-04-06,165.550003,FB
2020-04-07,168.830002,FB
2020-04-08,174.279999,FB
2020-04-09,175.190002,FB
2020-04-13,174.78999299999998,FB
2020-04-14,178.169998,FB
2020-04-15,176.970001,FB
2020-04-16,176.25,FB
2020-04-17,179.240005,FB
2020-04-20,178.240005,FB
2020-04-21,170.800003,FB
2020-04-22,182.279999,FB
2020-04-23,185.130005,FB
2020-04-24,190.070007,FB
2020-04-27,187.5,FB
2020-04-28,182.910004,FB
2020-04-29,194.190002,FB
2020-04-30,204.710007,FB
2020-05-01,202.270004,FB
2020-05-04,205.259995,FB
2020-05-05,207.070007,FB
2020-05-06,208.470001,FB
2020-05-07,211.25999500000003,FB
2020-05-08,212.350006,FB
2020-05-11,213.179993,FB
2020-05-12,210.100006,FB
2020-05-13,205.100006,FB
2020-05-14,206.809998,FB
2020-05-15,210.880005,FB
2020-05-18,213.190002,FB
2020-05-19,216.880005,FB
2020-05-20,229.970001,FB
2020-05-21,231.389999,FB
2020-05-22,234.910004,FB
2020-05-26,232.199997,FB
2020-05-27,229.139999,FB
2020-05-28,225.460007,FB
2020-05-29,225.089996,FB
2020-06-01,231.910004,FB
2020-06-02,232.720001,FB
2020-06-03,230.160004,FB
2020-06-04,226.289993,FB
2020-06-05,230.770004,FB
2020-06-08,231.399994,FB
2020-06-09,238.669998,FB
2020-06-10,236.729996,FB
2020-06-11,224.429993,FB
2020-06-12,228.580002,FB
2020-06-15,232.5,FB
2020-06-16,235.649994,FB
2020-06-17,235.52999900000003,FB
2020-06-18,235.940002,FB
2020-06-19,238.789993,FB
2020-06-22,239.220001,FB
2020-06-23,242.240005,FB
2020-06-24,234.020004,FB
2020-06-25,235.679993,FB
2020-06-26,216.080002,FB
2020-06-29,220.639999,FB
2020-06-30,227.070007,FB
2020-07-01,237.550003,FB
2020-07-02,233.419998,FB
2020-07-06,240.27999900000003,FB
2020-07-07,240.860001,FB
2020-07-08,243.580002,FB
2020-07-09,244.5,FB
2020-07-10,245.070007,FB
2020-07-13,239.0,FB
2020-07-14,239.729996,FB
2020-07-15,240.27999900000003,FB
2020-07-16,240.929993,FB
2020-07-17,242.02999900000003,FB
2020-07-20,245.419998,FB
2020-07-21,241.75,FB
2020-07-22,239.869995,FB
2020-07-23,232.600006,FB
2020-07-24,230.710007,FB
2020-07-27,233.5,FB
2020-07-28,230.119995,FB
2020-07-29,233.289993,FB
2020-07-30,234.5,FB
2020-07-31,253.669998,FB
2020-08-03,251.960007,FB
2020-08-04,249.830002,FB
2020-08-05,249.119995,FB
2020-08-06,265.27999900000003,FB
2020-08-07,268.440002,FB
2020-08-10,263.0,FB
2020-08-11,256.130005,FB
2020-08-12,259.890015,FB
2020-08-13,261.299988,FB
2020-08-14,261.23999,FB
2020-08-17,261.160004,FB
2020-08-18,262.339996,FB
2020-08-19,262.589996,FB
2020-08-20,269.01001,FB
2020-08-21,267.01001,FB
2020-08-24,271.390015,FB
2020-08-25,280.820007,FB
2020-08-26,303.910004,FB
2020-08-27,293.220001,FB
2020-08-28,293.660004,FB
2020-08-31,293.200012,FB
2020-09-01,295.440002,FB
2020-09-02,302.5,FB
2020-09-03,291.119995,FB
2020-09-04,282.730011,FB
2020-09-08,271.160004,FB
2020-09-09,273.720001,FB
2020-09-10,268.089996,FB
2020-09-11,266.609985,FB
2020-09-14,266.149994,FB
2020-09-15,272.420013,FB
2020-09-16,263.519989,FB
2020-09-17,254.820007,FB
2020-09-18,252.52999900000003,FB
2020-09-21,248.149994,FB
2020-09-22,254.75,FB
2020-09-23,249.020004,FB
2020-09-24,249.52999900000003,FB
2020-09-25,254.820007,FB
2020-09-28,256.820007,FB
2020-09-29,261.790009,FB
2020-09-30,261.899994,FB
2020-10-01,266.630005,FB
2020-10-02,259.940002,FB
2020-10-05,264.649994,FB
2020-10-06,258.660004,FB
2020-10-07,258.119995,FB
2020-10-08,263.76001,FB
2020-10-09,264.450012,FB
2020-10-12,275.75,FB
2020-10-13,276.140015,FB
2020-10-14,271.820007,FB
2020-10-15,266.720001,FB
2020-10-16,265.929993,FB
2020-10-19,261.399994,FB
2020-10-20,267.559998,FB
2020-10-21,278.730011,FB
2020-10-22,278.119995,FB
2020-10-23,284.790009,FB
2020-10-26,277.109985,FB
2020-10-27,283.290009,FB
2020-10-28,267.670013,FB
2020-10-29,280.829987,FB
2020-10-30,263.109985,FB
2020-11-02,261.359985,FB
2020-11-03,265.299988,FB
2020-11-04,287.380005,FB
2020-11-05,294.679993,FB
2020-11-06,293.410004,FB
2020-11-09,278.769989,FB
2020-11-10,272.429993,FB
2020-11-11,276.480011,FB
2020-11-12,275.079987,FB
2020-11-13,276.950012,FB
2020-11-16,278.959991,FB
2020-11-17,275.0,FB
2020-11-18,271.970001,FB
2020-11-19,272.940002,FB
2020-11-20,269.700012,FB
2020-11-23,268.429993,FB
2020-11-24,276.920013,FB
2020-11-25,275.589996,FB
2020-11-27,277.809998,FB
2020-11-30,276.970001,FB
2020-12-01,286.549988,FB
2020-12-02,287.519989,FB
2020-12-03,281.850006,FB
2020-12-04,279.700012,FB
2020-12-07,285.579987,FB
2020-12-08,283.399994,FB
2020-12-09,277.920013,FB
2020-12-10,277.119995,FB
2020-12-11,273.549988,FB
2020-12-14,274.190002,FB
2020-12-15,275.549988,FB
2020-12-16,275.670013,FB
2020-12-17,274.480011,FB
2020-12-18,276.399994,FB
2020-12-21,272.790009,FB
2020-12-22,267.089996,FB
2020-12-23,268.109985,FB
2020-12-24,267.399994,FB
2020-12-28,277.0,FB
2020-12-29,276.77999900000003,FB
2020-12-30,271.869995,FB
2020-01-02,1367.369995,GOOG
2020-01-03,1360.660034,GOOG
2020-01-06,1394.209961,GOOG
2020-01-07,1393.339966,GOOG
2020-01-08,1404.319946,GOOG
2020-01-09,1419.829956,GOOG
2020-01-10,1429.72998,GOOG
2020-01-13,1439.22998,GOOG
2020-01-14,1430.880005,GOOG
2020-01-15,1439.199951,GOOG
2020-01-16,1451.699951,GOOG
2020-01-17,1480.390015,GOOG
2020-01-21,1484.400024,GOOG
2020-01-22,1485.949951,GOOG
2020-01-23,1486.650024,GOOG
2020-01-24,1466.709961,GOOG
2020-01-27,1433.900024,GOOG
2020-01-28,1452.560059,GOOG
2020-01-29,1458.630005,GOOG
2020-01-30,1455.839966,GOOG
2020-01-31,1434.22998,GOOG
2020-02-03,1485.939941,GOOG
2020-02-04,1447.069946,GOOG
2020-02-05,1448.22998,GOOG
2020-02-06,1476.22998,GOOG
2020-02-07,1479.22998,GOOG
2020-02-10,1508.680054,GOOG
2020-02-11,1508.790039,GOOG
2020-02-12,1518.27002,GOOG
2020-02-13,1514.660034,GOOG
2020-02-14,1520.73999,GOOG
2020-02-18,1519.670044,GOOG
2020-02-19,1526.689941,GOOG
2020-02-20,1518.150024,GOOG
2020-02-21,1485.109985,GOOG
2020-02-24,1421.589966,GOOG
2020-02-25,1388.449951,GOOG
2020-02-26,1393.180054,GOOG
2020-02-27,1318.089966,GOOG
2020-02-28,1339.329956,GOOG
2020-03-02,1389.109985,GOOG
2020-03-03,1341.390015,GOOG
2020-03-04,1386.52002,GOOG
2020-03-05,1319.040039,GOOG
2020-03-06,1298.410034,GOOG
2020-03-09,1215.560059,GOOG
2020-03-10,1280.390015,GOOG
2020-03-11,1215.410034,GOOG
2020-03-12,1114.910034,GOOG
2020-03-13,1219.72998,GOOG
2020-03-16,1084.329956,GOOG
2020-03-17,1119.800049,GOOG
2020-03-18,1096.800049,GOOG
2020-03-19,1115.290039,GOOG
2020-03-20,1072.319946,GOOG
2020-03-23,1056.619995,GOOG
2020-03-24,1134.459961,GOOG
2020-03-25,1102.48999,GOOG
2020-03-26,1161.75,GOOG
2020-03-27,1110.709961,GOOG
2020-03-30,1146.819946,GOOG
2020-03-31,1162.810059,GOOG
2020-04-01,1105.619995,GOOG
2020-04-02,1120.839966,GOOG
2020-04-03,1097.880005,GOOG
2020-04-06,1186.920044,GOOG
2020-04-07,1186.51001,GOOG
2020-04-08,1210.280029,GOOG
2020-04-09,1211.449951,GOOG
2020-04-13,1217.560059,GOOG
2020-04-14,1269.22998,GOOG
2020-04-15,1262.469971,GOOG
2020-04-16,1263.469971,GOOG
2020-04-17,1283.25,GOOG
2020-04-20,1266.609985,GOOG
2020-04-21,1216.339966,GOOG
2020-04-22,1263.209961,GOOG
2020-04-23,1276.310059,GOOG
2020-04-24,1279.310059,GOOG
2020-04-27,1275.880005,GOOG
2020-04-28,1233.670044,GOOG
2020-04-29,1341.47998,GOOG
2020-04-30,1348.660034,GOOG
2020-05-01,1320.609985,GOOG
2020-05-04,1326.800049,GOOG
2020-05-05,1351.109985,GOOG
2020-05-06,1347.300049,GOOG
2020-05-07,1372.560059,GOOG
2020-05-08,1388.369995,GOOG
2020-05-11,1403.26001,GOOG
2020-05-12,1375.73999,GOOG
2020-05-13,1349.329956,GOOG
2020-05-14,1356.130005,GOOG
2020-05-15,1373.189941,GOOG
2020-05-18,1383.939941,GOOG
2020-05-19,1373.484985,GOOG
2020-05-20,1406.719971,GOOG
2020-05-21,1402.800049,GOOG
2020-05-22,1410.420044,GOOG
2020-05-26,1417.02002,GOOG
2020-05-27,1417.839966,GOOG
2020-05-28,1416.72998,GOOG
2020-05-29,1428.920044,GOOG
2020-06-01,1431.819946,GOOG
2020-06-02,1439.219971,GOOG
2020-06-03,1436.380005,GOOG
2020-06-04,1412.180054,GOOG
2020-06-05,1438.390015,GOOG
2020-06-08,1446.609985,GOOG
2020-06-09,1456.160034,GOOG
2020-06-10,1465.849976,GOOG
2020-06-11,1403.839966,GOOG
2020-06-12,1413.180054,GOOG
2020-06-15,1419.849976,GOOG
2020-06-16,1442.719971,GOOG
2020-06-17,1451.119995,GOOG
2020-06-18,1435.959961,GOOG
2020-06-19,1431.719971,GOOG
2020-06-22,1451.859985,GOOG
2020-06-23,1464.410034,GOOG
2020-06-24,1431.969971,GOOG
2020-06-25,1441.329956,GOOG
2020-06-26,1359.900024,GOOG
2020-06-29,1394.969971,GOOG
2020-06-30,1413.609985,GOOG
2020-07-01,1438.040039,GOOG
2020-07-02,1464.699951,GOOG
2020-07-06,1495.699951,GOOG
2020-07-07,1485.180054,GOOG
2020-07-08,1496.0,GOOG
2020-07-09,1510.98999,GOOG
2020-07-10,1541.73999,GOOG
2020-07-13,1511.339966,GOOG
2020-07-14,1520.579956,GOOG
2020-07-15,1513.640015,GOOG
2020-07-16,1518.0,GOOG
2020-07-17,1515.550049,GOOG
2020-07-20,1565.719971,GOOG
2020-07-21,1558.420044,GOOG
2020-07-22,1568.48999,GOOG
2020-07-23,1515.680054,GOOG
2020-07-24,1511.869995,GOOG
2020-07-27,1530.199951,GOOG
2020-07-28,1500.339966,GOOG
2020-07-29,1522.02002,GOOG
2020-07-30,1531.449951,GOOG
2020-07-31,1482.959961,GOOG
2020-08-03,1474.449951,GOOG
2020-08-04,1464.969971,GOOG
2020-08-05,1473.609985,GOOG
2020-08-06,1500.099976,GOOG
2020-08-07,1494.48999,GOOG
2020-08-10,1496.099976,GOOG
2020-08-11,1480.319946,GOOG
2020-08-12,1506.619995,GOOG
2020-08-13,1518.449951,GOOG
2020-08-14,1507.72998,GOOG
2020-08-17,1517.97998,GOOG
2020-08-18,1558.599976,GOOG
2020-08-19,1547.530029,GOOG
2020-08-20,1581.75,GOOG
2020-08-21,1580.420044,GOOG
2020-08-24,1588.199951,GOOG
2020-08-25,1608.219971,GOOG
2020-08-26,1652.380005,GOOG
2020-08-27,1634.329956,GOOG
2020-08-28,1644.410034,GOOG
2020-08-31,1634.180054,GOOG
2020-09-01,1660.709961,GOOG
2020-09-02,1728.280029,GOOG
2020-09-03,1641.839966,GOOG
2020-09-04,1591.040039,GOOG
2020-09-08,1532.390015,GOOG
2020-09-09,1556.959961,GOOG
2020-09-10,1532.02002,GOOG
2020-09-11,1520.719971,GOOG
2020-09-14,1519.280029,GOOG
2020-09-15,1541.439941,GOOG
2020-09-16,1520.900024,GOOG
2020-09-17,1495.530029,GOOG
2020-09-18,1459.98999,GOOG
2020-09-21,1431.160034,GOOG
2020-09-22,1465.459961,GOOG
2020-09-23,1415.209961,GOOG
2020-09-24,1428.290039,GOOG
2020-09-25,1444.959961,GOOG
2020-09-28,1464.52002,GOOG
2020-09-29,1469.329956,GOOG
2020-09-30,1469.599976,GOOG
2020-10-01,1490.089966,GOOG
2020-10-02,1458.420044,GOOG
2020-10-05,1486.02002,GOOG
2020-10-06,1453.439941,GOOG
2020-10-07,1460.290039,GOOG
2020-10-08,1485.930054,GOOG
2020-10-09,1515.219971,GOOG
2020-10-12,1569.150024,GOOG
2020-10-13,1571.680054,GOOG
2020-10-14,1568.079956,GOOG
2020-10-15,1559.130005,GOOG
2020-10-16,1573.01001,GOOG
2020-10-19,1534.609985,GOOG
2020-10-20,1555.930054,GOOG
2020-10-21,1593.310059,GOOG
2020-10-22,1615.329956,GOOG
2020-10-23,1641.0,GOOG
2020-10-26,1590.449951,GOOG
2020-10-27,1604.26001,GOOG
2020-10-28,1516.619995,GOOG
2020-10-29,1567.23999,GOOG
2020-10-30,1621.01001,GOOG
2020-11-02,1626.030029,GOOG
2020-11-03,1650.209961,GOOG
2020-11-04,1749.130005,GOOG
2020-11-05,1763.369995,GOOG
2020-11-06,1761.75,GOOG
2020-11-09,1763.0,GOOG
2020-11-10,1740.390015,GOOG
2020-11-11,1752.709961,GOOG
2020-11-12,1749.839966,GOOG
2020-11-13,1777.02002,GOOG
2020-11-16,1781.380005,GOOG
2020-11-17,1770.1500239999998,GOOG
2020-11-18,1746.780029,GOOG
2020-11-19,1763.9200440000002,GOOG
2020-11-20,1742.189941,GOOG
2020-11-23,1734.859985,GOOG
2020-11-24,1768.880005,GOOG
2020-11-25,1771.430054,GOOG
2020-11-27,1793.189941,GOOG
2020-11-30,1760.7399899999998,GOOG
2020-12-01,1798.0999760000002,GOOG
2020-12-02,1827.949951,GOOG
2020-12-03,1826.77002,GOOG
2020-12-04,1827.98999,GOOG
2020-12-07,1819.47998,GOOG
2020-12-08,1818.550049,GOOG
2020-12-09,1784.130005,GOOG
2020-12-10,1775.3299559999998,GOOG
2020-12-11,1781.77002,GOOG
2020-12-14,1760.060059,GOOG
2020-12-15,1767.77002,GOOG
2020-12-16,1763.0,GOOG
2020-12-17,1747.9000239999998,GOOG
2020-12-18,1731.0100100000002,GOOG
2020-12-21,1739.369995,GOOG
2020-12-22,1723.5,GOOG
2020-12-23,1732.380005,GOOG
2020-12-24,1738.8499760000002,GOOG
2020-12-28,1776.089966,GOOG
2020-12-29,1758.719971,GOOG
2020-12-30,1739.52002,GOOG
2020-01-02,145.970001,JNJ
2020-01-03,144.279999,JNJ
2020-01-06,144.100006,JNJ
2020-01-07,144.979996,JNJ
2020-01-08,144.96000700000002,JNJ
2020-01-09,145.389999,JNJ
2020-01-10,145.059998,JNJ
2020-01-13,145.699997,JNJ
2020-01-14,146.520004,JNJ
2020-01-15,147.009995,JNJ
2020-01-16,148.199997,JNJ
2020-01-17,149.169998,JNJ
2020-01-21,149.270004,JNJ
2020-01-22,148.25,JNJ
2020-01-23,148.529999,JNJ
2020-01-24,148.320007,JNJ
2020-01-27,148.75,JNJ
2020-01-28,149.5,JNJ
2020-01-29,150.53999299999998,JNJ
2020-01-30,150.360001,JNJ
2020-01-31,148.869995,JNJ
2020-02-03,150.169998,JNJ
2020-02-04,151.600006,JNJ
2020-02-05,153.990005,JNJ
2020-02-06,153.529999,JNJ
2020-02-07,151.889999,JNJ
2020-02-10,151.860001,JNJ
2020-02-11,151.990005,JNJ
2020-02-12,151.089996,JNJ
2020-02-13,150.089996,JNJ
2020-02-14,150.130005,JNJ
2020-02-18,149.139999,JNJ
2020-02-19,148.940002,JNJ
2020-02-20,148.369995,JNJ
2020-02-21,149.929993,JNJ
2020-02-24,145.910004,JNJ
2020-02-25,144.649994,JNJ
2020-02-26,143.679993,JNJ
2020-02-27,139.119995,JNJ
2020-02-28,134.479996,JNJ
2020-03-02,140.020004,JNJ
2020-03-03,135.589996,JNJ
2020-03-04,143.479996,JNJ
2020-03-05,142.009995,JNJ
2020-03-06,142.029999,JNJ
2020-03-09,136.440002,JNJ
2020-03-10,141.639999,JNJ
2020-03-11,131.800003,JNJ
2020-03-12,125.410004,JNJ
2020-03-13,134.28999299999998,JNJ
2020-03-16,127.129997,JNJ
2020-03-17,136.589996,JNJ
2020-03-18,134.96000700000002,JNJ
2020-03-19,127.050003,JNJ
2020-03-20,119.889999,JNJ
2020-03-23,111.139999,JNJ
2020-03-24,119.18,JNJ
2020-03-25,119.400002,JNJ
2020-03-26,126.57,JNJ
2020-03-27,123.160004,JNJ
2020-03-30,133.009995,JNJ
2020-03-31,131.130005,JNJ
2020-04-01,128.809998,JNJ
2020-04-02,133.149994,JNJ
2020-04-03,134.169998,JNJ
2020-04-06,139.759995,JNJ
2020-04-07,137.479996,JNJ
2020-04-08,143.259995,JNJ
2020-04-09,141.229996,JNJ
2020-04-13,139.770004,JNJ
2020-04-14,146.029999,JNJ
2020-04-15,147.660004,JNJ
2020-04-16,149.669998,JNJ
2020-04-17,152.020004,JNJ
2020-04-20,151.669998,JNJ
2020-04-21,149.679993,JNJ
2020-04-22,152.990005,JNJ
2020-04-23,155.509995,JNJ
2020-04-24,154.860001,JNJ
2020-04-27,154.28999299999998,JNJ
2020-04-28,151.389999,JNJ
2020-04-29,150.240005,JNJ
2020-04-30,150.03999299999998,JNJ
2020-05-01,148.28999299999998,JNJ
2020-05-04,148.270004,JNJ
2020-05-05,149.5,JNJ
2020-05-06,148.080002,JNJ
2020-05-07,147.589996,JNJ
2020-05-08,148.699997,JNJ
2020-05-11,149.110001,JNJ
2020-05-12,147.139999,JNJ
2020-05-13,147.130005,JNJ
2020-05-14,147.639999,JNJ
2020-05-15,150.440002,JNJ
2020-05-18,150.520004,JNJ
2020-05-19,149.020004,JNJ
2020-05-20,147.679993,JNJ
2020-05-21,146.71000700000002,JNJ
2020-05-22,144.369995,JNJ
2020-05-26,144.559998,JNJ
2020-05-27,144.889999,JNJ
2020-05-28,146.970001,JNJ
2020-05-29,148.75,JNJ
2020-06-01,147.190002,JNJ
2020-06-02,148.25,JNJ
2020-06-03,148.649994,JNJ
2020-06-04,146.729996,JNJ
2020-06-05,147.300003,JNJ
2020-06-08,146.770004,JNJ
2020-06-09,145.96000700000002,JNJ
2020-06-10,147.800003,JNJ
2020-06-11,140.869995,JNJ
2020-06-12,142.149994,JNJ
2020-06-15,141.25,JNJ
2020-06-16,144.46000700000002,JNJ
2020-06-17,144.020004,JNJ
2020-06-18,143.410004,JNJ
2020-06-19,143.830002,JNJ
2020-06-22,143.389999,JNJ
2020-06-23,142.860001,JNJ
2020-06-24,139.820007,JNJ
2020-06-25,139.669998,JNJ
2020-06-26,137.809998,JNJ
2020-06-29,139.03999299999998,JNJ
2020-06-30,140.630005,JNJ
2020-07-01,140.380005,JNJ
2020-07-02,140.970001,JNJ
2020-07-06,142.979996,JNJ
2020-07-07,142.850006,JNJ
2020-07-08,143.270004,JNJ
2020-07-09,142.490005,JNJ
2020-07-10,142.369995,JNJ
2020-07-13,145.21000700000002,JNJ
2020-07-14,147.919998,JNJ
2020-07-15,148.259995,JNJ
2020-07-16,149.25,JNJ
2020-07-17,149.350006,JNJ
2020-07-20,149.600006,JNJ
2020-07-21,149.740005,JNJ
2020-07-22,150.009995,JNJ
2020-07-23,149.610001,JNJ
2020-07-24,148.119995,JNJ
2020-07-27,147.179993,JNJ
2020-07-28,146.830002,JNJ
2020-07-29,146.53999299999998,JNJ
2020-07-30,146.839996,JNJ
2020-07-31,145.759995,JNJ
2020-08-03,147.350006,JNJ
2020-08-04,147.220001,JNJ
2020-08-05,148.399994,JNJ
2020-08-06,147.550003,JNJ
2020-08-07,148.600006,JNJ
2020-08-10,148.029999,JNJ
2020-08-11,146.970001,JNJ
2020-08-12,149.660004,JNJ
2020-08-13,148.0,JNJ
2020-08-14,148.240005,JNJ
2020-08-17,148.990005,JNJ
2020-08-18,150.089996,JNJ
2020-08-19,150.389999,JNJ
2020-08-20,151.419998,JNJ
2020-08-21,152.759995,JNJ
2020-08-24,152.149994,JNJ
2020-08-25,152.059998,JNJ
2020-08-26,152.300003,JNJ
2020-08-27,152.979996,JNJ
2020-08-28,153.639999,JNJ
2020-08-31,153.410004,JNJ
2020-09-01,151.520004,JNJ
2020-09-02,153.830002,JNJ
2020-09-03,149.550003,JNJ
2020-09-04,148.589996,JNJ
2020-09-08,147.259995,JNJ
2020-09-09,149.699997,JNJ
2020-09-10,146.910004,JNJ
2020-09-11,147.779999,JNJ
2020-09-14,148.350006,JNJ
2020-09-15,148.889999,JNJ
2020-09-16,148.399994,JNJ
2020-09-17,147.169998,JNJ
2020-09-18,149.179993,JNJ
2020-09-21,145.100006,JNJ
2020-09-22,144.21000700000002,JNJ
2020-09-23,144.440002,JNJ
2020-09-24,144.669998,JNJ
2020-09-25,145.660004,JNJ
2020-09-28,147.110001,JNJ
2020-09-29,147.059998,JNJ
2020-09-30,148.880005,JNJ
2020-10-01,147.320007,JNJ
2020-10-02,146.240005,JNJ
2020-10-05,148.229996,JNJ
2020-10-06,146.259995,JNJ
2020-10-07,147.880005,JNJ
2020-10-08,148.889999,JNJ
2020-10-09,150.970001,JNJ
2020-10-12,151.839996,JNJ
2020-10-13,148.360001,JNJ
2020-10-14,148.100006,JNJ
2020-10-15,147.190002,JNJ
2020-10-16,148.100006,JNJ
2020-10-19,144.320007,JNJ
2020-10-20,144.550003,JNJ
2020-10-21,143.929993,JNJ
2020-10-22,145.080002,JNJ
2020-10-23,145.240005,JNJ
2020-10-26,143.970001,JNJ
2020-10-27,143.149994,JNJ
2020-10-28,138.360001,JNJ
2020-10-29,137.190002,JNJ
2020-10-30,137.110001,JNJ
2020-11-02,138.690002,JNJ
2020-11-03,138.5,JNJ
2020-11-04,139.399994,JNJ
2020-11-05,139.759995,JNJ
2020-11-06,142.25,JNJ
2020-11-09,146.080002,JNJ
2020-11-10,148.279999,JNJ
2020-11-11,147.800003,JNJ
2020-11-12,148.300003,JNJ
2020-11-13,149.899994,JNJ
2020-11-16,150.850006,JNJ
2020-11-17,149.350006,JNJ
2020-11-18,147.369995,JNJ
2020-11-19,147.139999,JNJ
2020-11-20,146.360001,JNJ
2020-11-23,143.869995,JNJ
2020-11-24,143.869995,JNJ
2020-11-25,143.679993,JNJ
2020-11-27,144.0,JNJ
2020-11-30,144.679993,JNJ
2020-12-01,147.449997,JNJ
2020-12-02,148.139999,JNJ
2020-12-03,149.0,JNJ
2020-12-04,150.270004,JNJ
2020-12-07,148.970001,JNJ
2020-12-08,151.550003,JNJ
2020-12-09,153.100006,JNJ
2020-12-10,152.25,JNJ
2020-12-11,152.949997,JNJ
2020-12-14,149.070007,JNJ
2020-12-15,150.570007,JNJ
2020-12-16,149.669998,JNJ
2020-12-17,153.619995,JNJ
2020-12-18,154.509995,JNJ
2020-12-21,153.020004,JNJ
2020-12-22,152.720001,JNJ
2020-12-23,151.940002,JNJ
2020-12-24,152.470001,JNJ
2020-12-28,153.190002,JNJ
2020-12-29,154.139999,JNJ
2020-12-30,156.050003,JNJ
2020-01-02,141.089996,JPM
2020-01-03,138.339996,JPM
2020-01-06,138.229996,JPM
2020-01-07,135.880005,JPM
2020-01-08,136.940002,JPM
2020-01-09,137.440002,JPM
2020-01-10,136.070007,JPM
2020-01-13,137.199997,JPM
2020-01-14,138.800003,JPM
2020-01-15,136.720001,JPM
2020-01-16,137.25,JPM
2020-01-17,138.199997,JPM
2020-01-21,136.839996,JPM
2020-01-22,136.679993,JPM
2020-01-23,136.53999299999998,JPM
2020-01-24,133.149994,JPM
2020-01-27,132.029999,JPM
2020-01-28,134.429993,JPM
2020-01-29,134.229996,JPM
2020-01-30,135.889999,JPM
2020-01-31,132.360001,JPM
2020-02-03,133.369995,JPM
2020-02-04,135.28999299999998,JPM
2020-02-05,137.589996,JPM
2020-02-06,137.610001,JPM
2020-02-07,137.169998,JPM
2020-02-10,137.740005,JPM
2020-02-11,138.0,JPM
2020-02-12,138.0,JPM
2020-02-13,137.880005,JPM
2020-02-14,137.46000700000002,JPM
2020-02-18,135.639999,JPM
2020-02-19,137.490005,JPM
2020-02-20,137.490005,JPM
2020-02-21,135.809998,JPM
2020-02-24,132.160004,JPM
2020-02-25,126.260002,JPM
2020-02-26,126.639999,JPM
2020-02-27,121.370003,JPM
2020-02-28,116.110001,JPM
2020-03-02,121.519997,JPM
2020-03-03,116.959999,JPM
2020-03-04,119.849998,JPM
2020-03-05,113.970001,JPM
2020-03-06,108.080002,JPM
2020-03-09,93.440002,JPM
2020-03-10,100.699997,JPM
2020-03-11,95.959999,JPM
2020-03-12,88.050003,JPM
2020-03-13,103.910004,JPM
2020-03-16,88.360001,JPM
2020-03-17,93.760002,JPM
2020-03-18,83.889999,JPM
2020-03-19,85.300003,JPM
2020-03-20,83.5,JPM
2020-03-23,79.029999,JPM
2020-03-24,88.43,JPM
2020-03-25,91.730003,JPM
2020-03-26,98.120003,JPM
2020-03-27,91.129997,JPM
2020-03-30,93.5,JPM
2020-03-31,90.029999,JPM
2020-04-01,84.360001,JPM
2020-04-02,87.510002,JPM
2020-04-03,84.050003,JPM
2020-04-06,89.459999,JPM
2020-04-07,90.639999,JPM
2020-04-08,94.300003,JPM
2020-04-09,102.760002,JPM
2020-04-13,98.190002,JPM
2020-04-14,95.5,JPM
2020-04-15,90.790001,JPM
2020-04-16,87.33000200000001,JPM
2020-04-17,95.18,JPM
2020-04-20,91.709999,JPM
2020-04-21,89.050003,JPM
2020-04-22,89.339996,JPM
2020-04-23,89.389999,JPM
2020-04-24,90.709999,JPM
2020-04-27,94.620003,JPM
2020-04-28,95.290001,JPM
2020-04-29,97.860001,JPM
2020-04-30,95.760002,JPM
2020-05-01,93.25,JPM
2020-05-04,92.139999,JPM
2020-05-05,92.0,JPM
2020-05-06,90.269997,JPM
2020-05-07,91.209999,JPM
2020-05-08,92.699997,JPM
2020-05-11,89.970001,JPM
2020-05-12,87.029999,JPM
2020-05-13,84.029999,JPM
2020-05-14,87.519997,JPM
2020-05-15,85.900002,JPM
2020-05-18,90.449997,JPM
2020-05-19,88.66999799999999,JPM
2020-05-20,91.330002,JPM
2020-05-21,90.169998,JPM
2020-05-22,89.470001,JPM
2020-05-26,95.82,JPM
2020-05-27,101.370003,JPM
2020-05-28,99.860001,JPM
2020-05-29,97.309998,JPM
2020-06-01,98.599998,JPM
2020-06-02,98.93,JPM
2020-06-03,104.269997,JPM
2020-06-04,106.440002,JPM
2020-06-05,111.230003,JPM
2020-06-08,113.449997,JPM
2020-06-09,110.540001,JPM
2020-06-10,106.059998,JPM
2020-06-11,97.209999,JPM
2020-06-12,99.870003,JPM
2020-06-15,101.25,JPM
2020-06-16,102.059998,JPM
2020-06-17,99.480003,JPM
2020-06-18,98.940002,JPM
2020-06-19,97.809998,JPM
2020-06-22,96.75,JPM
2020-06-23,97.93,JPM
2020-06-24,94.660004,JPM
2020-06-25,97.959999,JPM
2020-06-26,92.589996,JPM
2020-06-29,93.0,JPM
2020-06-30,94.059998,JPM
2020-07-01,93.260002,JPM
2020-07-02,92.660004,JPM
2020-07-06,95.0,JPM
2020-07-07,92.32,JPM
2020-07-08,93.300003,JPM
2020-07-09,91.279999,JPM
2020-07-10,96.269997,JPM
2020-07-13,97.650002,JPM
2020-07-14,98.209999,JPM
2020-07-15,99.730003,JPM
2020-07-16,100.010002,JPM
2020-07-17,98.160004,JPM
2020-07-20,97.300003,JPM
2020-07-21,99.410004,JPM
2020-07-22,98.690002,JPM
2020-07-23,98.980003,JPM
2020-07-24,98.279999,JPM
2020-07-27,96.900002,JPM
2020-07-28,97.32,JPM
2020-07-29,99.68,JPM
2020-07-30,97.019997,JPM
2020-07-31,96.639999,JPM
2020-08-03,96.099998,JPM
2020-08-04,95.550003,JPM
2020-08-05,97.209999,JPM
2020-08-06,97.239998,JPM
2020-08-07,99.379997,JPM
2020-08-10,100.639999,JPM
2020-08-11,103.82,JPM
2020-08-12,102.940002,JPM
2020-08-13,102.370003,JPM
2020-08-14,102.410004,JPM
2020-08-17,99.709999,JPM
2020-08-18,98.32,JPM
2020-08-19,98.550003,JPM
2020-08-20,97.370003,JPM
2020-08-21,97.32,JPM
2020-08-24,100.059998,JPM
2020-08-25,100.5,JPM
2020-08-26,99.089996,JPM
2020-08-27,102.349998,JPM
2020-08-28,102.769997,JPM
2020-08-31,100.190002,JPM
2020-09-01,100.139999,JPM
2020-09-02,101.650002,JPM
2020-09-03,101.330002,JPM
2020-09-04,103.519997,JPM
2020-09-08,99.919998,JPM
2020-09-09,100.870003,JPM
2020-09-10,99.830002,JPM
2020-09-11,101.07,JPM
2020-09-14,102.470001,JPM
2020-09-15,99.279999,JPM
2020-09-16,99.699997,JPM
2020-09-17,98.559998,JPM
2020-09-18,98.349998,JPM
2020-09-21,95.309998,JPM
2020-09-22,94.269997,JPM
2020-09-23,92.739998,JPM
2020-09-24,92.660004,JPM
2020-09-25,93.470001,JPM
2020-09-28,96.160004,JPM
2020-09-29,95.349998,JPM
2020-09-30,96.269997,JPM
2020-10-01,96.970001,JPM
2020-10-02,97.889999,JPM
2020-10-05,99.040001,JPM
2020-10-06,98.019997,JPM
2020-10-07,99.730003,JPM
2020-10-08,101.779999,JPM
2020-10-09,101.199997,JPM
2020-10-12,102.440002,JPM
2020-10-13,100.779999,JPM
2020-10-14,100.220001,JPM
2020-10-15,101.720001,JPM
2020-10-16,101.510002,JPM
2020-10-19,99.800003,JPM
2020-10-20,100.370003,JPM
2020-10-21,99.370003,JPM
2020-10-22,102.879997,JPM
2020-10-23,103.809998,JPM
2020-10-26,101.239998,JPM
2020-10-27,99.330002,JPM
2020-10-28,96.540001,JPM
2020-10-29,97.169998,JPM
2020-10-30,98.040001,JPM
2020-11-02,100.25,JPM
2020-11-03,103.410004,JPM
2020-11-04,100.25,JPM
2020-11-05,104.349998,JPM
2020-11-06,102.959999,JPM
2020-11-09,116.900002,JPM
2020-11-10,116.519997,JPM
2020-11-11,114.779999,JPM
2020-11-12,113.370003,JPM
2020-11-13,114.080002,JPM
2020-11-16,117.300003,JPM
2020-11-17,116.110001,JPM
2020-11-18,115.25,JPM
2020-11-19,115.559998,JPM
2020-11-20,114.57,JPM
2020-11-23,117.870003,JPM
2020-11-24,123.32,JPM
2020-11-25,122.029999,JPM
2020-11-27,121.220001,JPM
2020-11-30,117.879997,JPM
2020-12-01,119.739998,JPM
2020-12-02,122.040001,JPM
2020-12-03,121.239998,JPM
2020-12-04,122.339996,JPM
2020-12-07,121.879997,JPM
2020-12-08,122.0,JPM
2020-12-09,121.050003,JPM
2020-12-10,120.269997,JPM
2020-12-11,119.559998,JPM
2020-12-14,118.300003,JPM
2020-12-15,120.32,JPM
2020-12-16,120.669998,JPM
2020-12-17,119.669998,JPM
2020-12-18,119.080002,JPM
2020-12-21,123.550003,JPM
2020-12-22,121.669998,JPM
2020-12-23,125.07,JPM
2020-12-24,124.519997,JPM
2020-12-28,125.339996,JPM
2020-12-29,125.010002,JPM
2020-12-30,125.360001,JPM
2020-01-02,160.619995,MSFT
2020-01-03,158.619995,MSFT
2020-01-06,159.029999,MSFT
2020-01-07,157.580002,MSFT
2020-01-08,160.089996,MSFT
2020-01-09,162.089996,MSFT
2020-01-10,161.339996,MSFT
2020-01-13,163.279999,MSFT
2020-01-14,162.130005,MSFT
2020-01-15,163.179993,MSFT
2020-01-16,166.169998,MSFT
2020-01-17,167.100006,MSFT
2020-01-21,166.5,MSFT
2020-01-22,165.699997,MSFT
2020-01-23,166.720001,MSFT
2020-01-24,165.03999299999998,MSFT
2020-01-27,162.279999,MSFT
2020-01-28,165.46000700000002,MSFT
2020-01-29,168.03999299999998,MSFT
2020-01-30,172.779999,MSFT
2020-01-31,170.229996,MSFT
2020-02-03,174.380005,MSFT
2020-02-04,180.119995,MSFT
2020-02-05,179.899994,MSFT
2020-02-06,183.630005,MSFT
2020-02-07,183.889999,MSFT
2020-02-10,188.699997,MSFT
2020-02-11,184.440002,MSFT
2020-02-12,184.710007,MSFT
2020-02-13,183.710007,MSFT
2020-02-14,185.350006,MSFT
2020-02-18,187.229996,MSFT
2020-02-19,187.279999,MSFT
2020-02-20,184.419998,MSFT
2020-02-21,178.589996,MSFT
2020-02-24,170.889999,MSFT
2020-02-25,168.070007,MSFT
2020-02-26,170.169998,MSFT
2020-02-27,158.179993,MSFT
2020-02-28,162.009995,MSFT
2020-03-02,172.78999299999998,MSFT
2020-03-03,164.509995,MSFT
2020-03-04,170.550003,MSFT
2020-03-05,166.270004,MSFT
2020-03-06,161.570007,MSFT
2020-03-09,150.619995,MSFT
2020-03-10,160.919998,MSFT
2020-03-11,153.630005,MSFT
2020-03-12,139.059998,MSFT
2020-03-13,158.830002,MSFT
2020-03-16,135.419998,MSFT
2020-03-17,146.570007,MSFT
2020-03-18,140.399994,MSFT
2020-03-19,142.71000700000002,MSFT
2020-03-20,137.350006,MSFT
2020-03-23,135.979996,MSFT
2020-03-24,148.339996,MSFT
2020-03-25,146.919998,MSFT
2020-03-26,156.110001,MSFT
2020-03-27,149.699997,MSFT
2020-03-30,160.229996,MSFT
2020-03-31,157.71000700000002,MSFT
2020-04-01,152.110001,MSFT
2020-04-02,155.259995,MSFT
2020-04-03,153.830002,MSFT
2020-04-06,165.270004,MSFT
2020-04-07,163.490005,MSFT
2020-04-08,165.130005,MSFT
2020-04-09,165.139999,MSFT
2020-04-13,165.509995,MSFT
2020-04-14,173.699997,MSFT
2020-04-15,171.880005,MSFT
2020-04-16,177.03999299999998,MSFT
2020-04-17,178.600006,MSFT
2020-04-20,175.059998,MSFT
2020-04-21,167.820007,MSFT
2020-04-22,173.520004,MSFT
2020-04-23,171.419998,MSFT
2020-04-24,174.550003,MSFT
2020-04-27,174.050003,MSFT
2020-04-28,169.809998,MSFT
2020-04-29,177.429993,MSFT
2020-04-30,179.21000700000002,MSFT
2020-05-01,174.570007,MSFT
2020-05-04,178.839996,MSFT
2020-05-05,180.759995,MSFT
2020-05-06,182.539993,MSFT
2020-05-07,183.600006,MSFT
2020-05-08,184.679993,MSFT
2020-05-11,186.740005,MSFT
2020-05-12,182.509995,MSFT
2020-05-13,179.75,MSFT
2020-05-14,180.529999,MSFT
2020-05-15,183.160004,MSFT
2020-05-18,184.910004,MSFT
2020-05-19,183.630005,MSFT
2020-05-20,185.660004,MSFT
2020-05-21,183.429993,MSFT
2020-05-22,183.509995,MSFT
2020-05-26,181.570007,MSFT
2020-05-27,181.809998,MSFT
2020-05-28,181.399994,MSFT
2020-05-29,183.25,MSFT
2020-06-01,182.830002,MSFT
2020-06-02,184.910004,MSFT
2020-06-03,185.360001,MSFT
2020-06-04,182.919998,MSFT
2020-06-05,187.199997,MSFT
2020-06-08,188.360001,MSFT
2020-06-09,189.800003,MSFT
2020-06-10,196.839996,MSFT
2020-06-11,186.270004,MSFT
2020-06-12,187.740005,MSFT
2020-06-15,188.940002,MSFT
2020-06-16,193.570007,MSFT
2020-06-17,194.240005,MSFT
2020-06-18,196.320007,MSFT
2020-06-19,195.149994,MSFT
2020-06-22,200.570007,MSFT
2020-06-23,201.910004,MSFT
2020-06-24,197.839996,MSFT
2020-06-25,200.339996,MSFT
2020-06-26,196.330002,MSFT
2020-06-29,198.440002,MSFT
2020-06-30,203.509995,MSFT
2020-07-01,204.699997,MSFT
2020-07-02,206.259995,MSFT
2020-07-06,210.699997,MSFT
2020-07-07,208.25,MSFT
2020-07-08,212.830002,MSFT
2020-07-09,214.320007,MSFT
2020-07-10,213.669998,MSFT
2020-07-13,207.070007,MSFT
2020-07-14,208.350006,MSFT
2020-07-15,208.039993,MSFT
2020-07-16,203.919998,MSFT
2020-07-17,202.880005,MSFT
2020-07-20,211.600006,MSFT
2020-07-21,208.75,MSFT
2020-07-22,211.75,MSFT
2020-07-23,202.539993,MSFT
2020-07-24,201.300003,MSFT
2020-07-27,203.850006,MSFT
2020-07-28,202.020004,MSFT
2020-07-29,204.059998,MSFT
2020-07-30,203.899994,MSFT
2020-07-31,205.009995,MSFT
2020-08-03,216.539993,MSFT
2020-08-04,213.289993,MSFT
2020-08-05,212.940002,MSFT
2020-08-06,216.350006,MSFT
2020-08-07,212.479996,MSFT
2020-08-10,208.25,MSFT
2020-08-11,203.380005,MSFT
2020-08-12,209.190002,MSFT
2020-08-13,208.699997,MSFT
2020-08-14,208.899994,MSFT
2020-08-17,210.27999900000003,MSFT
2020-08-18,211.490005,MSFT
2020-08-19,209.699997,MSFT
2020-08-20,214.580002,MSFT
2020-08-21,213.020004,MSFT
2020-08-24,213.690002,MSFT
2020-08-25,216.470001,MSFT
2020-08-26,221.149994,MSFT
2020-08-27,226.580002,MSFT
2020-08-28,228.910004,MSFT
2020-08-31,225.52999900000003,MSFT
2020-09-01,227.270004,MSFT
2020-09-02,231.649994,MSFT
2020-09-03,217.300003,MSFT
2020-09-04,214.25,MSFT
2020-09-08,202.660004,MSFT
2020-09-09,211.289993,MSFT
2020-09-10,205.369995,MSFT
2020-09-11,204.029999,MSFT
2020-09-14,205.410004,MSFT
2020-09-15,208.779999,MSFT
2020-09-16,205.050003,MSFT
2020-09-17,202.910004,MSFT
2020-09-18,200.389999,MSFT
2020-09-21,202.539993,MSFT
2020-09-22,207.419998,MSFT
2020-09-23,200.589996,MSFT
2020-09-24,203.190002,MSFT
2020-09-25,207.820007,MSFT
2020-09-28,209.440002,MSFT
2020-09-29,207.259995,MSFT
2020-09-30,210.330002,MSFT
2020-10-01,212.460007,MSFT
2020-10-02,206.190002,MSFT
2020-10-05,210.380005,MSFT
2020-10-06,205.910004,MSFT
2020-10-07,209.830002,MSFT
2020-10-08,210.580002,MSFT
2020-10-09,215.809998,MSFT
2020-10-12,221.399994,MSFT
2020-10-13,222.860001,MSFT
2020-10-14,220.860001,MSFT
2020-10-15,219.660004,MSFT
2020-10-16,219.660004,MSFT
2020-10-19,214.220001,MSFT
2020-10-20,214.649994,MSFT
2020-10-21,214.800003,MSFT
2020-10-22,214.889999,MSFT
2020-10-23,216.229996,MSFT
2020-10-26,210.080002,MSFT
2020-10-27,213.25,MSFT
2020-10-28,202.679993,MSFT
2020-10-29,204.720001,MSFT
2020-10-30,202.470001,MSFT
2020-11-02,202.330002,MSFT
2020-11-03,206.429993,MSFT
2020-11-04,216.389999,MSFT
2020-11-05,223.289993,MSFT
2020-11-06,223.720001,MSFT
2020-11-09,218.389999,MSFT
2020-11-10,211.00999500000003,MSFT
2020-11-11,216.550003,MSFT
2020-11-12,215.440002,MSFT
2020-11-13,216.50999500000003,MSFT
2020-11-16,217.229996,MSFT
2020-11-17,214.460007,MSFT
2020-11-18,211.080002,MSFT
2020-11-19,212.419998,MSFT
2020-11-20,210.389999,MSFT
2020-11-23,210.110001,MSFT
2020-11-24,213.860001,MSFT
2020-11-25,213.869995,MSFT
2020-11-27,215.229996,MSFT
2020-11-30,214.070007,MSFT
2020-12-01,216.210007,MSFT
2020-12-02,215.369995,MSFT
2020-12-03,214.240005,MSFT
2020-12-04,214.360001,MSFT
2020-12-07,214.289993,MSFT
2020-12-08,216.00999500000003,MSFT
2020-12-09,211.800003,MSFT
2020-12-10,210.520004,MSFT
2020-12-11,213.25999500000003,MSFT
2020-12-14,214.199997,MSFT
2020-12-15,214.130005,MSFT
2020-12-16,219.27999900000003,MSFT
2020-12-17,219.419998,MSFT
2020-12-18,218.589996,MSFT
2020-12-21,222.589996,MSFT
2020-12-22,223.940002,MSFT
2020-12-23,221.020004,MSFT
2020-12-24,222.75,MSFT
2020-12-28,224.960007,MSFT
2020-12-29,224.149994,MSFT
2020-12-30,221.679993,MSFT
2020-01-02,86.052002,TSLA
2020-01-03,88.601997,TSLA
2020-01-06,90.307999,TSLA
2020-01-07,93.811996,TSLA
2020-01-08,98.428001,TSLA
2020-01-09,96.267998,TSLA
2020-01-10,95.629997,TSLA
2020-01-13,104.972,TSLA
2020-01-14,107.584,TSLA
2020-01-15,103.699997,TSLA
2020-01-16,102.697998,TSLA
2020-01-17,102.099998,TSLA
2020-01-21,109.440002,TSLA
2020-01-22,113.912003,TSLA
2020-01-23,114.440002,TSLA
2020-01-24,112.963997,TSLA
2020-01-27,111.603996,TSLA
2020-01-28,113.379997,TSLA
2020-01-29,116.197998,TSLA
2020-01-30,128.162003,TSLA
2020-01-31,130.113998,TSLA
2020-02-03,156.0,TSLA
2020-02-04,177.412003,TSLA
2020-02-05,146.940002,TSLA
2020-02-06,149.792007,TSLA
2020-02-07,149.613998,TSLA
2020-02-10,154.255997,TSLA
2020-02-11,154.87600700000002,TSLA
2020-02-12,153.457993,TSLA
2020-02-13,160.800003,TSLA
2020-02-14,160.005997,TSLA
2020-02-18,171.679993,TSLA
2020-02-19,183.483994,TSLA
2020-02-20,179.882004,TSLA
2020-02-21,180.199997,TSLA
2020-02-24,166.757996,TSLA
2020-02-25,159.98199499999998,TSLA
2020-02-26,155.759995,TSLA
2020-02-27,135.800003,TSLA
2020-02-28,133.598007,TSLA
2020-03-02,148.723999,TSLA
2020-03-03,149.102005,TSLA
2020-03-04,149.899994,TSLA
2020-03-05,144.908005,TSLA
2020-03-06,140.695999,TSLA
2020-03-09,121.599998,TSLA
2020-03-10,129.065994,TSLA
2020-03-11,126.846001,TSLA
2020-03-12,112.110001,TSLA
2020-03-13,109.323997,TSLA
2020-03-16,89.014,TSLA
2020-03-17,86.040001,TSLA
2020-03-18,72.244003,TSLA
2020-03-19,85.528,TSLA
2020-03-20,85.505997,TSLA
2020-03-23,86.858002,TSLA
2020-03-24,101.0,TSLA
2020-03-25,107.849998,TSLA
2020-03-26,105.632004,TSLA
2020-03-27,102.872002,TSLA
2020-03-30,100.426003,TSLA
2020-03-31,104.800003,TSLA
2020-04-01,96.311996,TSLA
2020-04-02,90.893997,TSLA
2020-04-03,96.001999,TSLA
2020-04-06,103.248001,TSLA
2020-04-07,109.089996,TSLA
2020-04-08,109.767998,TSLA
2020-04-09,114.599998,TSLA
2020-04-13,130.190002,TSLA
2020-04-14,141.977997,TSLA
2020-04-15,145.966003,TSLA
2020-04-16,149.042007,TSLA
2020-04-17,150.778,TSLA
2020-04-20,149.272003,TSLA
2020-04-21,137.34399399999998,TSLA
2020-04-22,146.421997,TSLA
2020-04-23,141.12600700000002,TSLA
2020-04-24,145.029999,TSLA
2020-04-27,159.75,TSLA
2020-04-28,153.824005,TSLA
2020-04-29,160.102005,TSLA
2020-04-30,156.37600700000002,TSLA
2020-05-01,140.26400800000002,TSLA
2020-05-04,152.238007,TSLA
2020-05-05,153.641998,TSLA
2020-05-06,156.516006,TSLA
2020-05-07,156.007996,TSLA
2020-05-08,163.884003,TSLA
2020-05-11,162.257996,TSLA
2020-05-12,161.882004,TSLA
2020-05-13,158.192001,TSLA
2020-05-14,160.666,TSLA
2020-05-15,159.834,TSLA
2020-05-18,162.725998,TSLA
2020-05-19,161.602005,TSLA
2020-05-20,163.112,TSLA
2020-05-21,165.520004,TSLA
2020-05-22,163.37600700000002,TSLA
2020-05-26,163.774002,TSLA
2020-05-27,164.046005,TSLA
2020-05-28,161.162003,TSLA
2020-05-29,167.0,TSLA
2020-06-01,179.619995,TSLA
2020-06-02,176.311996,TSLA
2020-06-03,176.591995,TSLA
2020-06-04,172.87600700000002,TSLA
2020-06-05,177.132004,TSLA
2020-06-08,189.983994,TSLA
2020-06-09,188.134003,TSLA
2020-06-10,205.009995,TSLA
2020-06-11,194.567993,TSLA
2020-06-12,187.056,TSLA
2020-06-15,198.179993,TSLA
2020-06-16,196.425995,TSLA
2020-06-17,198.358002,TSLA
2020-06-18,200.792007,TSLA
2020-06-19,200.179993,TSLA
2020-06-22,198.863998,TSLA
2020-06-23,200.356003,TSLA
2020-06-24,192.169998,TSLA
2020-06-25,197.195999,TSLA
2020-06-26,191.947998,TSLA
2020-06-29,201.869995,TSLA
2020-06-30,215.962006,TSLA
2020-07-01,223.92599500000003,TSLA
2020-07-02,241.731995,TSLA
2020-07-06,274.31601,TSLA
2020-07-07,277.971985,TSLA
2020-07-08,273.175995,TSLA
2020-07-09,278.855988,TSLA
2020-07-10,308.929993,TSLA
2020-07-13,299.411987,TSLA
2020-07-14,303.359985,TSLA
2020-07-15,309.201996,TSLA
2020-07-16,300.127991,TSLA
2020-07-17,300.167999,TSLA
2020-07-20,328.600006,TSLA
2020-07-21,313.67199700000003,TSLA
2020-07-22,318.466003,TSLA
2020-07-23,302.614014,TSLA
2020-07-24,283.399994,TSLA
2020-07-27,307.920013,TSLA
2020-07-28,295.298004,TSLA
2020-07-29,299.821991,TSLA
2020-07-30,297.497986,TSLA
2020-07-31,286.152008,TSLA
2020-08-03,297.0,TSLA
2020-08-04,297.399994,TSLA
2020-08-05,297.003998,TSLA
2020-08-06,297.91598500000003,TSLA
2020-08-07,290.541992,TSLA
2020-08-10,283.713989,TSLA
2020-08-11,274.877991,TSLA
2020-08-12,310.951996,TSLA
2020-08-13,324.200012,TSLA
2020-08-14,330.141998,TSLA
2020-08-17,367.127991,TSLA
2020-08-18,377.417999,TSLA
2020-08-19,375.705994,TSLA
2020-08-20,400.365997,TSLA
2020-08-21,409.996002,TSLA
2020-08-24,402.839996,TSLA
2020-08-25,404.667999,TSLA
2020-08-26,430.634003,TSLA
2020-08-27,447.75,TSLA
2020-08-28,442.679993,TSLA
2020-08-31,498.320007,TSLA
2020-09-01,475.049988,TSLA
2020-09-02,447.369995,TSLA
2020-09-03,407.0,TSLA
2020-09-04,418.320007,TSLA
2020-09-08,330.209991,TSLA
2020-09-09,366.279999,TSLA
2020-09-10,371.339996,TSLA
2020-09-11,372.720001,TSLA
2020-09-14,419.619995,TSLA
2020-09-15,449.76001,TSLA
2020-09-16,441.76001,TSLA
2020-09-17,423.429993,TSLA
2020-09-18,442.1499940000001,TSLA
2020-09-21,449.39001500000006,TSLA
2020-09-22,424.2300110000001,TSLA
2020-09-23,380.359985,TSLA
2020-09-24,387.790009,TSLA
2020-09-25,407.339996,TSLA
2020-09-28,421.200012,TSLA
2020-09-29,419.070007,TSLA
2020-09-30,429.01001,TSLA
2020-10-01,448.160004,TSLA
2020-10-02,415.089996,TSLA
2020-10-05,425.679993,TSLA
2020-10-06,413.980011,TSLA
2020-10-07,425.299988,TSLA
2020-10-08,425.920013,TSLA
2020-10-09,434.0,TSLA
2020-10-12,442.299988,TSLA
2020-10-13,446.6499940000001,TSLA
2020-10-14,461.299988,TSLA
2020-10-15,448.880005,TSLA
2020-10-16,439.670013,TSLA
2020-10-19,430.829987,TSLA
2020-10-20,421.940002,TSLA
2020-10-21,422.64001500000006,TSLA
2020-10-22,425.790009,TSLA
2020-10-23,420.630005,TSLA
2020-10-26,420.279999,TSLA
2020-10-27,424.679993,TSLA
2020-10-28,406.019989,TSLA
2020-10-29,410.829987,TSLA
2020-10-30,388.040009,TSLA
2020-11-02,400.51001,TSLA
2020-11-03,423.8999940000001,TSLA
2020-11-04,420.9800110000001,TSLA
2020-11-05,438.089996,TSLA
2020-11-06,429.950012,TSLA
2020-11-09,421.26001,TSLA
2020-11-10,410.359985,TSLA
2020-11-11,417.130005,TSLA
2020-11-12,411.76001,TSLA
2020-11-13,408.5,TSLA
2020-11-16,408.089996,TSLA
2020-11-17,441.609985,TSLA
2020-11-18,486.64001500000006,TSLA
2020-11-19,499.269989,TSLA
2020-11-20,489.609985,TSLA
2020-11-23,521.849976,TSLA
2020-11-24,555.380005,TSLA
2020-11-25,574.0,TSLA
2020-11-27,585.76001,TSLA
2020-11-30,567.599976,TSLA
2020-12-01,584.76001,TSLA
2020-12-02,568.820007,TSLA
2020-12-03,593.380005,TSLA
2020-12-04,599.039978,TSLA
2020-12-07,641.76001,TSLA
2020-12-08,649.880005,TSLA
2020-12-09,604.47998,TSLA
2020-12-10,627.070007,TSLA
2020-12-11,609.98999,TSLA
2020-12-14,639.830017,TSLA
2020-12-15,633.25,TSLA
2020-12-16,622.77002,TSLA
2020-12-17,655.900024,TSLA
2020-12-18,695.0,TSLA
2020-12-21,649.8599849999999,TSLA
2020-12-22,640.340027,TSLA
2020-12-23,645.97998,TSLA
2020-12-24,661.77002,TSLA
2020-12-28,663.6900019999999,TSLA
2020-12-29,665.98999,TSLA
2020-12-30,694.780029,TSLA
2020-01-02,118.940002,WMT
2020-01-03,117.889999,WMT
2020-01-06,117.650002,WMT
2020-01-07,116.559998,WMT
2020-01-08,116.160004,WMT
2020-01-09,117.360001,WMT
2020-01-10,116.379997,WMT
2020-01-13,115.879997,WMT
2020-01-14,116.18,WMT
2020-01-15,115.279999,WMT
2020-01-16,115.900002,WMT
2020-01-17,114.959999,WMT
2020-01-21,115.589996,WMT
2020-01-22,116.099998,WMT
2020-01-23,115.809998,WMT
2020-01-24,114.370003,WMT
2020-01-27,115.860001,WMT
2020-01-28,116.599998,WMT
2020-01-29,115.889999,WMT
2020-01-30,116.580002,WMT
2020-01-31,114.489998,WMT
2020-02-03,114.269997,WMT
2020-02-04,115.269997,WMT
2020-02-05,116.809998,WMT
2020-02-06,116.309998,WMT
2020-02-07,116.449997,WMT
2020-02-10,115.25,WMT
2020-02-11,115.400002,WMT
2020-02-12,115.849998,WMT
2020-02-13,117.440002,WMT
2020-02-14,117.889999,WMT
2020-02-18,119.629997,WMT
2020-02-19,117.68,WMT
2020-02-20,117.690002,WMT
2020-02-21,118.580002,WMT
2020-02-24,116.32,WMT
2020-02-25,114.389999,WMT
2020-02-26,113.779999,WMT
2020-02-27,110.400002,WMT
2020-02-28,107.68,WMT
2020-03-02,115.879997,WMT
2020-03-03,112.910004,WMT
2020-03-04,116.769997,WMT
2020-03-05,115.919998,WMT
2020-03-06,117.230003,WMT
2020-03-09,117.160004,WMT
2020-03-10,119.790001,WMT
2020-03-11,114.43,WMT
2020-03-12,104.050003,WMT
2020-03-13,114.099998,WMT
2020-03-16,106.760002,WMT
2020-03-17,119.260002,WMT
2020-03-18,122.580002,WMT
2020-03-19,119.449997,WMT
2020-03-20,113.970001,WMT
2020-03-23,114.279999,WMT
2020-03-24,115.029999,WMT
2020-03-25,109.400002,WMT
2020-03-26,109.82,WMT
2020-03-27,109.580002,WMT
2020-03-30,115.190002,WMT
2020-03-31,113.620003,WMT
2020-04-01,114.139999,WMT
2020-04-02,118.650002,WMT
2020-04-03,119.480003,WMT
2020-04-06,126.07,WMT
2020-04-07,121.989998,WMT
2020-04-08,121.839996,WMT
2020-04-09,121.800003,WMT
2020-04-13,125.300003,WMT
2020-04-14,129.0,WMT
2020-04-15,128.759995,WMT
2020-04-16,132.330002,WMT
2020-04-17,132.119995,WMT
2020-04-20,129.850006,WMT
2020-04-21,129.21000700000002,WMT
2020-04-22,131.589996,WMT
2020-04-23,128.529999,WMT
2020-04-24,129.440002,WMT
2020-04-27,128.300003,WMT
2020-04-28,128.0,WMT
2020-04-29,123.599998,WMT
2020-04-30,121.550003,WMT
2020-05-01,122.919998,WMT
2020-05-04,123.699997,WMT
2020-05-05,124.730003,WMT
2020-05-06,123.300003,WMT
2020-05-07,121.889999,WMT
2020-05-08,122.940002,WMT
2020-05-11,123.669998,WMT
2020-05-12,123.779999,WMT
2020-05-13,123.709999,WMT
2020-05-14,123.419998,WMT
2020-05-15,125.940002,WMT
2020-05-18,127.660004,WMT
2020-05-19,124.949997,WMT
2020-05-20,125.449997,WMT
2020-05-21,124.989998,WMT
2020-05-22,124.330002,WMT
2020-05-26,123.860001,WMT
2020-05-27,122.480003,WMT
2020-05-28,123.690002,WMT
2020-05-29,124.059998,WMT
2020-06-01,123.959999,WMT
2020-06-02,123.940002,WMT
2020-06-03,123.470001,WMT
2020-06-04,122.110001,WMT
2020-06-05,121.559998,WMT
2020-06-08,121.239998,WMT
2020-06-09,121.349998,WMT
2020-06-10,121.160004,WMT
2020-06-11,120.089996,WMT
2020-06-12,117.739998,WMT
2020-06-15,118.080002,WMT
2020-06-16,119.650002,WMT
2020-06-17,119.029999,WMT
2020-06-18,117.989998,WMT
2020-06-19,119.849998,WMT
2020-06-22,121.68,WMT
2020-06-23,121.07,WMT
2020-06-24,120.300003,WMT
2020-06-25,119.709999,WMT
2020-06-26,118.32,WMT
2020-06-29,119.059998,WMT
2020-06-30,119.779999,WMT
2020-07-01,119.690002,WMT
2020-07-02,119.209999,WMT
2020-07-06,118.889999,WMT
2020-07-07,126.949997,WMT
2020-07-08,124.440002,WMT
2020-07-09,127.75,WMT
2020-07-10,130.679993,WMT
2020-07-13,129.520004,WMT
2020-07-14,132.009995,WMT
2020-07-15,132.0,WMT
2020-07-16,132.199997,WMT
2020-07-17,131.740005,WMT
2020-07-20,131.470001,WMT
2020-07-21,132.330002,WMT
2020-07-22,132.660004,WMT
2020-07-23,131.639999,WMT
2020-07-24,131.240005,WMT
2020-07-27,131.21000700000002,WMT
2020-07-28,131.759995,WMT
2020-07-29,130.690002,WMT
2020-07-30,130.119995,WMT
2020-07-31,129.399994,WMT
2020-08-03,129.300003,WMT
2020-08-04,131.639999,WMT
2020-08-05,129.809998,WMT
2020-08-06,129.350006,WMT
2020-08-07,129.970001,WMT
2020-08-10,131.880005,WMT
2020-08-11,130.199997,WMT
2020-08-12,131.889999,WMT
2020-08-13,131.850006,WMT
2020-08-14,132.600006,WMT
2020-08-17,135.600006,WMT
2020-08-18,134.71000700000002,WMT
2020-08-19,132.410004,WMT
2020-08-20,130.570007,WMT
2020-08-21,131.630005,WMT
2020-08-24,131.330002,WMT
2020-08-25,130.630005,WMT
2020-08-26,130.699997,WMT
2020-08-27,136.630005,WMT
2020-08-28,140.300003,WMT
2020-08-31,138.850006,WMT
2020-09-01,147.589996,WMT
2020-09-02,147.679993,WMT
2020-09-03,144.53999299999998,WMT
2020-09-04,142.830002,WMT
2020-09-08,138.449997,WMT
2020-09-09,139.889999,WMT
2020-09-10,136.809998,WMT
2020-09-11,136.699997,WMT
2020-09-14,137.320007,WMT
2020-09-15,137.360001,WMT
2020-09-16,136.259995,WMT
2020-09-17,136.690002,WMT
2020-09-18,135.28999299999998,WMT
2020-09-21,137.070007,WMT
2020-09-22,138.309998,WMT
2020-09-23,135.990005,WMT
2020-09-24,136.699997,WMT
2020-09-25,137.270004,WMT
2020-09-28,137.25,WMT
2020-09-29,137.139999,WMT
2020-09-30,139.910004,WMT
2020-10-01,143.080002,WMT
2020-10-02,140.5,WMT
2020-10-05,141.800003,WMT
2020-10-06,140.630005,WMT
2020-10-07,140.889999,WMT
2020-10-08,141.360001,WMT
2020-10-09,142.779999,WMT
2020-10-12,144.25,WMT
2020-10-13,146.229996,WMT
2020-10-14,143.940002,WMT
2020-10-15,144.529999,WMT
2020-10-16,144.71000700000002,WMT
2020-10-19,142.949997,WMT
2020-10-20,143.899994,WMT
2020-10-21,144.399994,WMT
2020-10-22,143.550003,WMT
2020-10-23,143.850006,WMT
2020-10-26,142.160004,WMT
2020-10-27,142.869995,WMT
2020-10-28,140.03999299999998,WMT
2020-10-29,139.919998,WMT
2020-10-30,138.75,WMT
2020-11-02,140.399994,WMT
2020-11-03,142.779999,WMT
2020-11-04,141.96000700000002,WMT
2020-11-05,143.470001,WMT
2020-11-06,145.770004,WMT
2020-11-09,143.53999299999998,WMT
2020-11-10,145.559998,WMT
2020-11-11,147.979996,WMT
2020-11-12,148.229996,WMT
2020-11-13,150.53999299999998,WMT
2020-11-16,152.440002,WMT
2020-11-17,149.369995,WMT
2020-11-18,149.089996,WMT
2020-11-19,152.119995,WMT
2020-11-20,150.240005,WMT
2020-11-23,150.929993,WMT
2020-11-24,151.360001,WMT
2020-11-25,151.830002,WMT
2020-11-27,151.600006,WMT
2020-11-30,152.78999299999998,WMT
2020-12-01,152.639999,WMT
2020-12-02,150.520004,WMT
2020-12-03,149.300003,WMT
2020-12-04,148.910004,WMT
2020-12-07,148.110001,WMT
2020-12-08,149.449997,WMT
2020-12-09,148.270004,WMT
2020-12-10,147.03999299999998,WMT
2020-12-11,147.0,WMT
2020-12-14,145.649994,WMT
2020-12-15,145.580002,WMT
2020-12-16,145.429993,WMT
2020-12-17,146.100006,WMT
2020-12-18,145.949997,WMT
2020-12-21,145.970001,WMT
2020-12-22,144.199997,WMT
2020-12-23,143.220001,WMT
2020-12-24,143.5,WMT
2020-12-28,145.220001,WMT
2020-12-29,144.300003,WMT
2020-12-30,144.179993,WMT
